
   INFO  Server running on [http://127.0.0.1:8000].  

  Press Ctrl+C to stop the server

  2026-09-16 08:03:17 ........................................................................................... ~ 4s
  2026-09-16 11:10:42 .......................................................................................... ~ 18s
  2026-09-16 11:11:00 ........................................................................................... ~ 1s
  2026-09-16 11:11:00 ........................................................................................... ~ 1s
  2026-09-16 11:11:01 ........................................................................................... ~ 4s
  2026-09-16 11:11:05 ........................................................................................... ~ 4s
  2026-09-16 11:11:05 ........................................................................................... ~ 4s
  2026-09-16 11:11:09 ........................................................................................... ~ 0s
  2026-09-16 11:11:09 ........................................................................................... ~ 3s
  2026-09-16 11:11:12 ........................................................................................... ~ 0s
  2026-09-16 11:11:12 ........................................................................................... ~ 1s
  2026-09-16 11:35:11 ........................................................................................... ~ 1s
  2026-09-16 11:35:12 ........................................................................................... ~ 1s
  2026-09-16 11:35:12 ........................................................................................... ~ 1s
  2026-09-16 11:35:13 ........................................................................................... ~ 1s
  2026-09-16 11:35:13 ........................................................................................... ~ 1s
  2026-09-16 11:35:14 ........................................................................................... ~ 1s
  2026-09-16 11:35:15 ........................................................................................... ~ 0s
  2026-09-16 11:35:15 ........................................................................................... ~ 2s
  2026-09-16 11:35:31 ........................................................................................... ~ 0s
  2026-09-16 11:35:31 ........................................................................................... ~ 1s
  2026-09-16 11:35:32 ........................................................................................... ~ 1s
  2026-09-16 11:35:33 ........................................................................................... ~ 0s
  2026-09-16 11:36:20 ........................................................................................... ~ 1s
  2026-09-16 11:36:21 ........................................................................................... ~ 1s
  2026-09-16 11:36:23 ........................................................................................... ~ 0s
  2026-09-16 11:36:23 ........................................................................................... ~ 1s
  2026-09-16 11:36:33 ........................................................................................... ~ 0s
  2026-09-16 11:36:33 ........................................................................................... ~ 1s
  2026-09-16 11:36:34 ........................................................................................... ~ 1s
  2026-09-16 11:36:35 ........................................................................................... ~ 1s
  2026-09-16 11:36:36 ........................................................................................... ~ 0s
  2026-09-16 11:36:36 ........................................................................................... ~ 1s
  2026-09-16 11:36:36 ........................................................................................... ~ 2s
  2026-09-16 11:36:37 ........................................................................................... ~ 1s
  2026-09-16 11:36:38 ........................................................................................... ~ 1s
  2026-09-16 11:36:38 ........................................................................................... ~ 1s
  2026-09-16 11:36:39 ........................................................................................... ~ 0s
  2026-09-16 11:36:39 ........................................................................................... ~ 1s
  2026-09-16 11:36:39 ........................................................................................... ~ 1s
  2026-09-16 11:36:40 ........................................................................................... ~ 1s
  2026-09-16 11:36:40 ........................................................................................... ~ 1s
  2026-09-16 11:36:41 ........................................................................................... ~ 1s
  2026-09-16 11:36:41 ........................................................................................... ~ 1s
  2026-09-16 11:36:42 ........................................................................................... ~ 1s
  2026-09-16 11:36:43 ........................................................................................... ~ 0s
  2026-09-16 11:37:38 ........................................................................................... ~ 0s
  2026-09-16 11:37:38 ........................................................................................... ~ 1s
  2026-09-16 11:37:49 ........................................................................................... ~ 1s
  2026-09-16 11:37:50 ........................................................................................... ~ 0s
  2026-09-16 11:37:59 ........................................................................................... ~ 1s
  2026-09-16 11:38:00 ........................................................................................... ~ 0s
  2026-09-16 11:38:26 ........................................................................................... ~ 0s
  2026-09-16 11:38:26 ........................................................................................... ~ 1s
  2026-09-16 11:38:27 ........................................................................................... ~ 1s
  2026-09-16 11:38:28 ........................................................................................... ~ 0s
  2026-09-16 11:38:38 ........................................................................................... ~ 0s
  2026-09-16 11:38:38 ........................................................................................... ~ 1s
  2026-09-16 11:39:38 ........................................................................................... ~ 0s
  2026-09-16 11:39:38 ........................................................................................... ~ 1s
  2026-09-16 11:40:38 ........................................................................................... ~ 0s
  2026-09-16 11:40:38 ........................................................................................... ~ 1s
  2026-09-16 11:41:23 ........................................................................................... ~ 0s
  2026-09-16 11:41:23 ........................................................................................... ~ 1s
  2026-09-16 11:41:24 ........................................................................................... ~ 1s
  2026-09-16 11:41:25 ........................................................................................... ~ 1s
  2026-09-16 11:41:26 .......................................................................................... ~ 12s
  2026-09-16 11:41:38 ........................................................................................... ~ 1s
  2026-09-16 11:41:39 .......................................................................................... ~ 56s
  2026-09-16 11:42:35 ........................................................................................... ~ 1s
  2026-09-16 11:42:36 ........................................................................................... ~ 1s
  2026-09-16 11:42:37 ........................................................................................... ~ 0s
  2026-09-16 11:42:37 ........................................................................................... ~ 1s
  2026-09-16 11:42:38 ........................................................................................... ~ 1s
  2026-09-16 11:42:39 .......................................................................................... ~ 14s
  2026-09-16 11:42:53 ........................................................................................... ~ 0s
  2026-09-16 11:42:53 ........................................................................................... ~ 0s
  2026-09-16 11:42:53 ........................................................................................... ~ 1s
  2026-09-16 11:42:53 ........................................................................................... ~ 1s
  2026-09-16 11:42:54 ........................................................................................... ~ 1s
  2026-09-16 11:42:54 ........................................................................................... ~ 2s
  2026-09-16 11:42:55 ........................................................................................... ~ 2s
  2026-09-16 11:42:56 ........................................................................................... ~ 1s
  2026-09-16 11:42:57 ........................................................................................... ~ 1s
  2026-09-16 11:42:58 ........................................................................................... ~ 0s
  2026-09-16 11:42:58 ........................................................................................... ~ 1s
  2026-09-16 11:43:39 ........................................................................................... ~ 0s
  2026-09-16 11:43:39 ........................................................................................... ~ 1s
  2026-09-16 11:43:53 ........................................................................................... ~ 0s
  2026-09-16 11:43:53 ........................................................................................... ~ 1s
  2026-09-16 11:44:39 ........................................................................................... ~ 0s
  2026-09-16 11:44:39 ........................................................................................... ~ 1s
  2026-09-16 11:44:53 ........................................................................................... ~ 1s
  2026-09-16 11:44:54 ........................................................................................... ~ 0s
  2026-09-16 11:45:53 ........................................................................................... ~ 0s
  2026-09-16 11:45:53 ........................................................................................... ~ 1s
  2026-09-16 11:46:07 ........................................................................................... ~ 0s
  2026-09-16 11:46:07 ........................................................................................... ~ 1s
  2026-09-16 11:46:09 ........................................................................................... ~ 1s
  2026-09-16 11:46:10 ........................................................................................... ~ 0s
  2026-09-16 11:46:38 ........................................................................................... ~ 0s
  2026-09-16 11:46:38 ........................................................................................... ~ 1s
  2026-09-16 11:46:53 ........................................................................................... ~ 0s
  2026-09-16 11:46:53 ........................................................................................... ~ 1s
  2026-09-16 11:47:14 ........................................................................................... ~ 0s
  2026-09-16 11:47:14 ........................................................................................... ~ 1s
  2026-09-16 11:47:19 ........................................................................................... ~ 0s
  2026-09-16 11:47:19 ........................................................................................... ~ 1s
  2026-09-16 11:47:20 ........................................................................................... ~ 0s
  2026-09-16 11:47:20 ........................................................................................... ~ 1s
  2026-09-16 11:47:21 .......................................................................................... ~ 11s
  2026-09-16 11:47:32 ........................................................................................... ~ 1s
  2026-09-16 11:47:33 ........................................................................................... ~ 0s
  2026-09-16 11:47:33 ........................................................................................... ~ 0s
  2026-09-16 11:47:38 ........................................................................................... ~ 0s
  2026-09-16 11:47:38 ........................................................................................... ~ 1s
  2026-09-16 11:47:53 ........................................................................................... ~ 0s
  2026-09-16 11:47:53 ........................................................................................... ~ 1s
  2026-09-16 11:48:11 ........................................................................................... ~ 1s
  2026-09-16 11:48:12 ........................................................................................... ~ 0s
  2026-09-16 11:48:38 ........................................................................................... ~ 1s
  2026-09-16 11:48:39 ........................................................................................... ~ 0s
  2026-09-16 11:48:54 ........................................................................................... ~ 0s
  2026-09-16 11:48:54 ........................................................................................... ~ 1s
  2026-09-16 11:49:31 ........................................................................................... ~ 1s
  2026-09-16 11:49:32 ........................................................................................... ~ 0s
  2026-09-16 11:49:38 ........................................................................................... ~ 0s
  2026-09-16 11:49:38 ........................................................................................... ~ 1s
  2026-09-16 11:49:53 ........................................................................................... ~ 0s
  2026-09-16 11:49:53 ........................................................................................... ~ 1s
  2026-09-16 11:49:59 ........................................................................................... ~ 0s
  2026-09-16 11:49:59 ........................................................................................... ~ 1s
  2026-09-16 11:50:00 ........................................................................................... ~ 1s
  2026-09-16 11:50:01 ........................................................................................... ~ 1s
  2026-09-16 11:50:02 .......................................................................................... ~ 19s
  2026-09-16 11:50:22 ........................................................................................... ~ 0s
  2026-09-16 11:50:22 ........................................................................................... ~ 5s
  2026-09-16 11:50:28 ........................................................................................... ~ 0s
  2026-09-16 11:50:28 .......................................................................................... ~ 10s
  2026-09-16 11:50:38 ........................................................................................... ~ 1s
  2026-09-16 11:50:39 .......................................................................................... ~ 15s
  2026-09-16 11:50:54 ........................................................................................... ~ 1s
  2026-09-16 11:50:55 ........................................................................................... ~ 6s
  2026-09-16 11:51:01 ........................................................................................... ~ 1s
  2026-09-16 11:51:02 ........................................................................................... ~ 2s
  2026-09-16 11:51:04 ........................................................................................... ~ 1s
  2026-09-16 11:51:05 .......................................................................................... ~ 34s
  2026-09-16 11:51:40 ........................................................................................... ~ 0s
  2026-09-16 11:51:40 .......................................................................................... ~ 15s
  2026-09-16 11:51:55 ........................................................................................... ~ 1s
  2026-09-16 11:51:56 .......................................................................................... ~ 56s
  2026-09-16 11:52:52 ........................................................................................... ~ 1s
  2026-09-16 11:52:53 .......................................................................................... ~ 17s
  2026-09-16 11:53:11 ........................................................................................... ~ 0s
  2026-09-16 11:53:11 ........................................................................................... ~ 2s
  2026-09-16 11:53:13 ........................................................................................... ~ 1s
  2026-09-16 11:53:14 ........................................................................................... ~ 8s
  2026-09-16 11:53:22 ........................................................................................... ~ 1s
  2026-09-16 11:53:23 .......................................................................................... ~ 29s
  2026-09-16 11:53:52 ........................................................................................... ~ 1s
  2026-09-16 11:53:53 ........................................................................................... ~ 0s
  2026-09-16 11:53:53 ........................................................................................... ~ 1s
  2026-09-16 11:53:54 ........................................................................................... ~ 1s
  2026-09-16 11:53:55 ........................................................................................... ~ 1s
  2026-09-16 11:54:22 ........................................................................................... ~ 0s
  2026-09-16 11:54:22 ........................................................................................... ~ 1s
  2026-09-16 11:54:52 ........................................................................................... ~ 0s
  2026-09-16 11:54:52 ........................................................................................... ~ 1s
  2026-09-16 11:55:22 ........................................................................................... ~ 0s
  2026-09-16 11:55:22 ........................................................................................... ~ 1s
  2026-09-16 11:55:52 ........................................................................................... ~ 0s
  2026-09-16 11:55:52 ........................................................................................... ~ 1s
  2026-09-16 11:55:53 ........................................................................................... ~ 1s
  2026-09-16 11:55:54 ........................................................................................... ~ 1s
  2026-09-16 11:55:55 ........................................................................................... ~ 1s
  2026-09-16 11:55:56 ........................................................................................... ~ 0s
  2026-09-16 11:56:37 ........................................................................................... ~ 0s
  2026-09-16 11:56:37 ........................................................................................... ~ 1s
  2026-09-16 11:56:38 ........................................................................................... ~ 0s
  2026-09-16 11:56:39 ........................................................................................... ~ 0s
  2026-09-16 11:56:39 .......................................................................................... ~ 14s
  2026-09-16 11:56:53 ........................................................................................... ~ 1s
  2026-09-16 11:56:54 .......................................................................................... ~ 14s
  2026-09-16 11:57:09 ........................................................................................... ~ 0s
  2026-09-16 11:57:09 .......................................................................................... ~ 29s
  2026-09-16 11:57:38 ........................................................................................... ~ 1s
  2026-09-16 11:57:39 .......................................................................................... ~ 14s
  2026-09-16 11:57:53 ........................................................................................... ~ 1s
  2026-09-16 11:57:54 .......................................................................................... ~ 44s
  2026-09-16 11:58:38 ........................................................................................... ~ 1s
  2026-09-16 11:58:39 .......................................................................................... ~ 15s
  2026-09-16 11:58:54 ........................................................................................... ~ 1s
  2026-09-16 11:58:55 .......................................................................................... ~ 43s
  2026-09-16 11:59:38 ........................................................................................... ~ 1s
  2026-09-16 11:59:39 .......................................................................................... ~ 16s
  2026-09-16 11:59:55 ........................................................................................... ~ 1s
  2026-09-16 11:59:56 .......................................................................................... ~ 42s
  2026-09-16 12:00:39 ........................................................................................... ~ 0s
  2026-09-16 12:00:39 .......................................................................................... ~ 17s
  2026-09-16 12:00:56 ........................................................................................... ~ 1s
  2026-09-16 12:00:57 .......................................................................................... ~ 42s
  2026-09-16 12:01:39 ........................................................................................... ~ 2s
  2026-09-16 12:01:41 .......................................................................................... ~ 16s
  2026-09-16 12:01:57 ........................................................................................... ~ 1s
  2026-09-16 12:01:58 .......................................................................................... ~ 40s
  2026-09-16 12:02:38 ........................................................................................... ~ 1s
  2026-09-16 12:02:39 .......................................................................................... ~ 19s
  2026-09-16 12:02:58 ........................................................................................... ~ 1s
  2026-09-16 12:02:59 .......................................................................................... ~ 39s
  2026-09-16 12:03:38 ........................................................................................... ~ 1s
  2026-09-16 12:03:39 .......................................................................................... ~ 20s
  2026-09-16 12:03:59 ........................................................................................... ~ 1s
  2026-09-16 12:04:00 .......................................................................................... ~ 38s
  2026-09-16 12:04:38 ........................................................................................... ~ 0s
  2026-09-16 12:04:38 ........................................................................................... ~ 1s
  2026-09-16 12:04:39 ........................................................................................... ~ 0s
  2026-09-16 12:04:42 ........................................................................................... ~ 0s
  2026-09-16 12:04:42 ........................................................................................... ~ 1s
  2026-09-16 12:05:00 ........................................................................................... ~ 0s
  2026-09-16 12:05:00 ........................................................................................... ~ 1s
  2026-09-16 12:05:29 ........................................................................................... ~ 0s
  2026-09-16 12:05:29 ........................................................................................... ~ 1s
  2026-09-16 12:05:35 ........................................................................................... ~ 0s
  2026-09-16 12:05:35 ........................................................................................... ~ 1s
  2026-09-16 12:05:38 ........................................................................................... ~ 0s
  2026-09-16 12:05:38 ........................................................................................... ~ 1s
  2026-09-16 12:06:00 ........................................................................................... ~ 0s
  2026-09-16 12:06:00 ........................................................................................... ~ 1s
  2026-09-16 12:06:01 ........................................................................................... ~ 0s
  2026-09-16 12:06:02 ........................................................................................... ~ 0s
  2026-09-16 12:06:03 .......................................................................................... ~ 35s
  2026-09-16 12:06:38 ........................................................................................... ~ 1s
  2026-09-16 12:06:39 .......................................................................................... ~ 23s
  2026-09-16 12:07:02 ........................................................................................... ~ 1s
  2026-09-16 12:07:03 .......................................................................................... ~ 35s
  2026-09-16 12:07:38 ........................................................................................... ~ 1s
  2026-09-16 12:07:39 .......................................................................................... ~ 24s
  2026-09-16 12:08:03 ........................................................................................... ~ 1s
  2026-09-16 12:08:04 .......................................................................................... ~ 34s
  2026-09-16 12:08:39 ........................................................................................... ~ 0s
  2026-09-16 12:08:39 .......................................................................................... ~ 23s
  2026-09-16 12:09:03 ........................................................................................... ~ 1s
  2026-09-16 12:09:04 ........................................................................................... ~ 0s
  2026-09-16 12:09:04 ........................................................................................... ~ 1s
  2026-09-16 12:09:05 ........................................................................................... ~ 1s
  2026-09-16 12:09:06 ........................................................................................... ~ 1s
  2026-09-16 12:09:15 ........................................................................................... ~ 1s
  2026-09-16 12:09:16 ........................................................................................... ~ 0s
  2026-09-16 12:09:21 ........................................................................................... ~ 1s
  2026-09-16 12:09:22 ........................................................................................... ~ 0s
  2026-09-16 12:09:38 ........................................................................................... ~ 0s
  2026-09-16 12:09:38 ........................................................................................... ~ 1s
  2026-09-16 12:09:41 ........................................................................................... ~ 1s
  2026-09-16 12:09:42 ........................................................................................... ~ 0s
  2026-09-16 12:10:00 ........................................................................................... ~ 1s
  2026-09-16 12:10:01 ........................................................................................... ~ 0s
  2026-09-16 12:10:05 ........................................................................................... ~ 0s
  2026-09-16 12:10:05 ........................................................................................... ~ 1s
  2026-09-16 12:10:38 ........................................................................................... ~ 0s
  2026-09-16 12:10:38 ........................................................................................... ~ 1s
  2026-09-16 12:11:06 ........................................................................................... ~ 0s
  2026-09-16 12:11:06 ........................................................................................... ~ 1s
  2026-09-16 12:11:33 ........................................................................................... ~ 1s
  2026-09-16 12:11:34 ........................................................................................... ~ 1s
  2026-09-16 12:11:38 ........................................................................................... ~ 1s
  2026-09-16 12:11:38 ........................................................................................... ~ 2s
  2026-09-16 12:12:07 ........................................................................................... ~ 0s
  2026-09-16 12:12:07 ........................................................................................... ~ 1s
  2026-09-16 12:12:35 ........................................................................................... ~ 0s
  2026-09-16 12:12:35 ........................................................................................... ~ 1s
  2026-09-16 12:12:38 ........................................................................................... ~ 0s
  2026-09-16 12:12:38 ........................................................................................... ~ 1s
  2026-09-16 12:13:08 ........................................................................................... ~ 0s
  2026-09-16 12:13:08 ........................................................................................... ~ 1s
  2026-09-16 12:13:38 ........................................................................................... ~ 1s
  2026-09-16 12:13:39 ........................................................................................... ~ 0s
  2026-09-16 12:14:09 ........................................................................................... ~ 0s
  2026-09-16 12:14:09 ........................................................................................... ~ 1s
  2026-09-16 12:14:38 ........................................................................................... ~ 0s
  2026-09-16 12:14:38 ........................................................................................... ~ 1s
  2026-09-16 12:15:10 ........................................................................................... ~ 0s
  2026-09-16 12:15:10 ........................................................................................... ~ 1s
  2026-09-16 12:15:38 ........................................................................................... ~ 0s
  2026-09-16 12:15:38 ........................................................................................... ~ 1s
  2026-09-16 12:16:11 ........................................................................................... ~ 1s
  2026-09-16 12:16:12 ........................................................................................... ~ 1s
  2026-09-16 12:16:24 ........................................................................................... ~ 2s
  2026-09-16 12:16:26 ........................................................................................... ~ 0s
  2026-09-16 12:16:26 ........................................................................................... ~ 1s
  2026-09-16 12:16:26 ........................................................................................... ~ 1s
  2026-09-16 12:16:27 ........................................................................................... ~ 1s
  2026-09-16 12:16:27 ........................................................................................... ~ 2s
  2026-09-16 12:16:28 ........................................................................................... ~ 1s
  2026-09-16 12:16:29 ........................................................................................... ~ 1s
  2026-09-16 12:16:29 ........................................................................................... ~ 1s
  2026-09-16 12:16:30 ........................................................................................... ~ 1s
  2026-09-16 12:16:30 ........................................................................................... ~ 2s
  2026-09-16 12:16:31 ........................................................................................... ~ 2s
  2026-09-16 12:16:32 ........................................................................................... ~ 1s
  2026-09-16 12:16:33 ........................................................................................... ~ 1s
  2026-09-16 12:16:33 ........................................................................................... ~ 2s
  2026-09-16 12:16:34 ........................................................................................... ~ 2s
  2026-09-16 12:16:35 ........................................................................................... ~ 2s
  2026-09-16 12:16:36 ........................................................................................... ~ 2s
  2026-09-16 12:16:37 ........................................................................................... ~ 2s
  2026-09-16 12:16:38 ........................................................................................... ~ 2s
  2026-09-16 12:16:39 ........................................................................................... ~ 2s
  2026-09-16 12:16:40 ........................................................................................... ~ 2s
  2026-09-16 12:16:43 ........................................................................................... ~ 1s
  2026-09-16 12:16:44 ........................................................................................... ~ 1s
  2026-09-16 12:16:44 ........................................................................................... ~ 2s
  2026-09-16 12:16:45 ........................................................................................... ~ 2s
  2026-09-16 12:16:46 ........................................................................................... ~ 2s
  2026-09-16 12:16:47 ........................................................................................... ~ 1s
  2026-09-16 12:16:48 ........................................................................................... ~ 1s
  2026-09-16 12:16:48 ........................................................................................... ~ 2s
  2026-09-16 12:16:49 ........................................................................................... ~ 1s
  2026-09-16 12:16:50 ........................................................................................... ~ 1s
  2026-09-16 12:16:50 ........................................................................................... ~ 2s
  2026-09-16 12:16:51 ........................................................................................... ~ 1s
  2026-09-16 12:16:52 ........................................................................................... ~ 2s
  2026-09-16 12:16:52 ........................................................................................... ~ 3s
  2026-09-16 12:16:54 ........................................................................................... ~ 2s
  2026-09-16 12:16:55 ........................................................................................... ~ 2s
  2026-09-16 12:16:56 ........................................................................................... ~ 2s
  2026-09-16 12:16:57 ........................................................................................... ~ 1s
  2026-09-16 12:16:58 ........................................................................................... ~ 1s
  2026-09-16 12:16:58 ........................................................................................... ~ 3s
  2026-09-16 12:16:59 ........................................................................................... ~ 3s
  2026-09-16 12:17:01 ........................................................................................... ~ 1s
  2026-09-16 12:17:02 ........................................................................................... ~ 1s
  2026-09-16 12:17:02 ........................................................................................... ~ 2s
  2026-09-16 12:17:03 ........................................................................................... ~ 2s
  2026-09-16 12:17:04 ........................................................................................... ~ 2s
  2026-09-16 12:17:05 ........................................................................................... ~ 2s
  2026-09-16 12:17:06 ........................................................................................... ~ 2s
  2026-09-16 12:17:07 ........................................................................................... ~ 2s
  2026-09-16 12:17:08 ........................................................................................... ~ 2s
  2026-09-16 12:17:09 ........................................................................................... ~ 2s
  2026-09-16 12:17:10 ........................................................................................... ~ 2s
  2026-09-16 12:17:11 ........................................................................................... ~ 2s
  2026-09-16 12:17:12 ........................................................................................... ~ 2s
  2026-09-16 12:17:13 ........................................................................................... ~ 1s
  2026-09-16 12:17:14 ........................................................................................... ~ 1s
  2026-09-16 12:17:14 ........................................................................................... ~ 2s
  2026-09-16 12:17:15 ........................................................................................... ~ 2s
  2026-09-16 12:17:16 ........................................................................................... ~ 2s
  2026-09-16 12:17:17 ........................................................................................... ~ 2s
  2026-09-16 12:17:18 ........................................................................................... ~ 2s
  2026-09-16 12:17:19 ........................................................................................... ~ 1s
  2026-09-16 12:17:20 ........................................................................................... ~ 1s
  2026-09-16 12:17:20 ........................................................................................... ~ 2s
  2026-09-16 12:17:21 ........................................................................................... ~ 2s
  2026-09-16 12:17:22 ........................................................................................... ~ 2s
  2026-09-16 12:17:23 ........................................................................................... ~ 2s
  2026-09-16 12:17:24 ........................................................................................... ~ 2s
  2026-09-16 12:17:25 ........................................................................................... ~ 2s
  2026-09-16 12:17:26 ........................................................................................... ~ 2s
  2026-09-16 12:17:27 ........................................................................................... ~ 2s
  2026-09-16 12:17:28 ........................................................................................... ~ 2s
  2026-09-16 12:17:29 ........................................................................................... ~ 2s
  2026-09-16 12:17:30 ........................................................................................... ~ 3s
  2026-09-16 12:17:31 ........................................................................................... ~ 2s
  2026-09-16 12:17:33 ........................................................................................... ~ 1s
  2026-09-16 12:17:33 ........................................................................................... ~ 1s
  2026-09-16 12:17:34 ........................................................................................... ~ 1s
  2026-09-16 12:17:34 ........................................................................................... ~ 2s
  2026-09-16 12:17:35 ........................................................................................... ~ 1s
  2026-09-16 12:17:36 ........................................................................................... ~ 1s
  2026-09-16 12:17:36 ........................................................................................... ~ 1s
  2026-09-16 12:17:37 ........................................................................................... ~ 1s
  2026-09-16 12:17:37 ........................................................................................... ~ 1s
  2026-09-16 12:17:38 ........................................................................................... ~ 1s
  2026-09-16 12:17:38 ........................................................................................... ~ 2s
  2026-09-16 12:17:39 ........................................................................................... ~ 1s
  2026-09-16 12:17:40 ........................................................................................... ~ 1s
  2026-09-16 12:17:40 ........................................................................................... ~ 2s
  2026-09-16 12:17:41 ........................................................................................... ~ 1s
  2026-09-16 12:17:42 ........................................................................................... ~ 1s
  2026-09-16 12:17:42 ........................................................................................... ~ 2s
  2026-09-16 12:17:43 ........................................................................................... ~ 1s
  2026-09-16 12:17:44 ........................................................................................... ~ 1s
  2026-09-16 12:17:44 ........................................................................................... ~ 2s
  2026-09-16 12:17:45 ........................................................................................... ~ 2s
  2026-09-16 12:17:46 ........................................................................................... ~ 1s
  2026-09-16 12:17:48 ........................................................................................... ~ 0s
  2026-09-16 12:17:48 ........................................................................................... ~ 2s
  2026-09-16 12:18:30 ........................................................................................... ~ 1s
  2026-09-16 12:18:31 ........................................................................................... ~ 0s
  2026-09-16 12:18:31 ........................................................................................... ~ 1s
  2026-09-16 12:18:32 ........................................................................................... ~ 0s
  2026-09-16 12:18:32 .......................................................................................... ~ 17s
  2026-09-16 12:18:49 ........................................................................................... ~ 1s
  2026-09-16 12:18:49 ........................................................................................... ~ 1s
  2026-09-16 12:18:50 ........................................................................................... ~ 1s
  2026-09-16 12:18:50 ........................................................................................... ~ 1s
  2026-09-16 12:18:51 ........................................................................................... ~ 0s
  2026-09-16 12:18:51 ........................................................................................... ~ 1s
  2026-09-16 12:18:51 ........................................................................................... ~ 1s
  2026-09-16 12:18:52 ........................................................................................... ~ 1s
  2026-09-16 12:18:52 ........................................................................................... ~ 1s
  2026-09-16 12:18:53 ........................................................................................... ~ 0s
  2026-09-16 12:18:53 ........................................................................................... ~ 1s
  2026-09-16 12:18:53 ........................................................................................... ~ 2s
  2026-09-16 12:18:54 ........................................................................................... ~ 1s
  2026-09-16 12:18:55 ........................................................................................... ~ 1s
  2026-09-16 12:18:55 ........................................................................................... ~ 1s
  2026-09-16 12:18:56 ........................................................................................... ~ 0s
  2026-09-16 12:18:56 ........................................................................................... ~ 1s
  2026-09-16 12:18:56 ........................................................................................... ~ 1s
  2026-09-16 12:18:57 ........................................................................................... ~ 1s
  2026-09-16 12:18:57 ........................................................................................... ~ 2s
  2026-09-16 12:18:58 ........................................................................................... ~ 1s
  2026-09-16 12:18:59 ........................................................................................... ~ 1s
  2026-09-16 12:19:00 ........................................................................................... ~ 0s
  2026-09-16 12:19:49 ........................................................................................... ~ 1s
  2026-09-16 12:19:50 ........................................................................................... ~ 1s
  2026-09-16 12:19:51 ........................................................................................... ~ 1s
  2026-09-16 12:19:52 ........................................................................................... ~ 0s
  2026-09-16 12:20:37 ........................................................................................... ~ 1s
  2026-09-16 12:20:37 ........................................................................................... ~ 1s
  2026-09-16 12:20:38 ........................................................................................... ~ 1s
  2026-09-16 12:20:42 ........................................................................................... ~ 0s
  2026-09-16 12:20:42 ........................................................................................... ~ 2s
  2026-09-16 12:20:44 ........................................................................................... ~ 1s
  2026-09-16 12:20:44 ........................................................................................... ~ 1s
  2026-09-16 12:20:45 ........................................................................................... ~ 1s
  2026-09-16 12:20:45 ........................................................................................... ~ 1s
  2026-09-16 12:20:46 ........................................................................................... ~ 1s
  2026-09-16 12:20:46 ........................................................................................... ~ 1s
  2026-09-16 12:20:47 ........................................................................................... ~ 1s
  2026-09-16 12:20:47 ........................................................................................... ~ 1s
  2026-09-16 12:20:48 ........................................................................................... ~ 1s
  2026-09-16 12:20:48 ........................................................................................... ~ 1s
  2026-09-16 12:20:49 ........................................................................................... ~ 1s
  2026-09-16 12:20:49 ........................................................................................... ~ 1s
  2026-09-16 12:20:50 ........................................................................................... ~ 1s
  2026-09-16 12:20:50 ........................................................................................... ~ 2s
  2026-09-16 12:20:51 ........................................................................................... ~ 2s
  2026-09-16 12:20:52 ........................................................................................... ~ 1s
  2026-09-16 12:20:53 ........................................................................................... ~ 1s
  2026-09-16 12:20:53 ........................................................................................... ~ 2s
  2026-09-16 12:20:54 ........................................................................................... ~ 3s
  2026-09-16 12:20:57 ........................................................................................... ~ 1s
  2026-09-16 12:20:57 ........................................................................................... ~ 1s
  2026-09-16 12:20:58 ........................................................................................... ~ 3s
  2026-09-16 12:21:04 ........................................................................................... ~ 1s
  2026-09-16 12:21:05 ........................................................................................... ~ 1s
  2026-09-16 12:21:05 ........................................................................................... ~ 1s
  2026-09-16 12:21:06 ........................................................................................... ~ 1s
  2026-09-16 12:21:06 ........................................................................................... ~ 1s
  2026-09-16 12:21:07 ........................................................................................... ~ 0s
  2026-09-16 12:21:07 ........................................................................................... ~ 1s
  2026-09-16 12:21:09 ........................................................................................... ~ 0s
  2026-09-16 12:21:09 ........................................................................................... ~ 0s
  2026-09-16 12:21:09 ........................................................................................... ~ 1s
  2026-09-16 12:21:09 ........................................................................................... ~ 1s
  2026-09-16 12:21:10 ........................................................................................... ~ 1s
  2026-09-16 12:21:10 ........................................................................................... ~ 1s
  2026-09-16 12:21:11 ........................................................................................... ~ 1s
  2026-09-16 12:21:12 ........................................................................................... ~ 0s
  2026-09-16 12:21:13 ........................................................................................... ~ 1s
  2026-09-16 12:21:14 ........................................................................................... ~ 0s
  2026-09-16 12:21:14 ........................................................................................... ~ 0s
  2026-09-16 12:21:14 ........................................................................................... ~ 1s
  2026-09-16 12:21:14 ........................................................................................... ~ 1s
  2026-09-16 12:21:15 ........................................................................................... ~ 1s
  2026-09-16 12:21:15 ........................................................................................... ~ 1s
  2026-09-16 12:21:16 ........................................................................................... ~ 1s
  2026-09-16 12:21:16 ........................................................................................... ~ 1s
  2026-09-16 12:21:17 ........................................................................................... ~ 0s
  2026-09-16 12:21:17 ........................................................................................... ~ 1s
  2026-09-16 12:21:18 ........................................................................................... ~ 0s
  2026-09-16 12:21:37 ........................................................................................... ~ 0s
  2026-09-16 12:21:37 ........................................................................................... ~ 1s
  2026-09-16 12:22:09 ........................................................................................... ~ 0s
  2026-09-16 12:22:09 ........................................................................................... ~ 1s
  2026-09-16 12:22:13 ........................................................................................... ~ 1s
  2026-09-16 12:22:14 ........................................................................................... ~ 0s
  2026-09-16 12:22:14 ........................................................................................... ~ 1s
  2026-09-16 12:22:15 ........................................................................................... ~ 0s
  2026-09-16 12:22:21 ........................................................................................... ~ 1s
  2026-09-16 12:22:22 ........................................................................................... ~ 0s
  2026-09-16 12:22:59 ........................................................................................... ~ 1s
  2026-09-16 12:23:00 ........................................................................................... ~ 0s
  2026-09-16 12:23:01 ........................................................................................... ~ 0s
  2026-09-16 12:23:01 ........................................................................................... ~ 1s
  2026-09-16 12:23:09 ........................................................................................... ~ 0s
  2026-09-16 12:23:09 ........................................................................................... ~ 1s
  2026-09-16 12:23:13 ........................................................................................... ~ 1s
  2026-09-16 12:23:14 ........................................................................................... ~ 0s
  2026-09-16 12:24:03 ........................................................................................... ~ 0s
  2026-09-16 12:24:03 ........................................................................................... ~ 1s
  2026-09-16 12:24:05 ........................................................................................... ~ 0s
  2026-09-16 12:24:05 ........................................................................................... ~ 1s
  2026-09-16 12:24:09 ........................................................................................... ~ 0s
  2026-09-16 12:24:09 ........................................................................................... ~ 1s
  2026-09-16 12:24:13 ........................................................................................... ~ 1s
  2026-09-16 12:24:14 ........................................................................................... ~ 0s
  2026-09-16 12:24:22 ........................................................................................... ~ 1s
  2026-09-16 12:24:23 ........................................................................................... ~ 0s
  2026-09-16 12:24:27 ........................................................................................... ~ 1s
  2026-09-16 12:24:28 ........................................................................................... ~ 0s
  2026-09-16 12:24:38 ........................................................................................... ~ 0s
  2026-09-16 12:24:38 ........................................................................................... ~ 0s
  2026-09-16 12:24:40 ........................................................................................... ~ 0s
  2026-09-16 12:24:40 ........................................................................................... ~ 0s
  2026-09-16 12:24:48 ........................................................................................... ~ 0s
  2026-09-16 12:24:48 ........................................................................................... ~ 1s
  2026-09-16 12:25:09 ........................................................................................... ~ 0s
  2026-09-16 12:25:09 ........................................................................................... ~ 1s
  2026-09-16 12:25:14 ........................................................................................... ~ 0s
  2026-09-16 12:25:14 ........................................................................................... ~ 1s
  2026-09-16 12:25:59 ........................................................................................... ~ 0s
  2026-09-16 12:25:59 ........................................................................................... ~ 1s
  2026-09-16 12:26:00 ........................................................................................... ~ 1s
  2026-09-16 12:26:01 ........................................................................................... ~ 1s
  2026-09-16 12:26:02 ........................................................................................... ~ 7s
  2026-09-16 12:26:09 ........................................................................................... ~ 0s
  2026-09-16 12:26:09 ........................................................................................... ~ 3s
  2026-09-16 12:26:12 ........................................................................................... ~ 1s
  2026-09-16 12:26:13 ........................................................................................... ~ 1s
  2026-09-16 12:26:14 ........................................................................................... ~ 1s
  2026-09-16 12:26:15 ........................................................................................... ~ 1s
  2026-09-16 12:26:16 ........................................................................................... ~ 0s
  2026-09-16 12:26:44 ........................................................................................... ~ 1s
  2026-09-16 12:26:45 ........................................................................................... ~ 0s
  2026-09-16 12:26:47 ........................................................................................... ~ 0s
  2026-09-16 12:26:47 ........................................................................................... ~ 1s
  2026-09-16 12:27:09 ........................................................................................... ~ 0s
  2026-09-16 12:27:09 ........................................................................................... ~ 0s
  2026-09-16 12:27:15 ........................................................................................... ~ 0s
  2026-09-16 12:27:15 ........................................................................................... ~ 1s
  2026-09-16 12:28:09 ........................................................................................... ~ 0s
  2026-09-16 12:28:09 ........................................................................................... ~ 1s
  2026-09-16 12:28:16 ........................................................................................... ~ 0s
  2026-09-16 12:28:16 ........................................................................................... ~ 1s
  2026-09-16 12:29:09 ........................................................................................... ~ 0s
  2026-09-16 12:29:09 ........................................................................................... ~ 1s
  2026-09-16 12:29:13 ........................................................................................... ~ 1s
  2026-09-16 12:29:14 ........................................................................................... ~ 0s
  2026-09-16 12:30:10 ........................................................................................... ~ 1s
  2026-09-16 12:30:11 ........................................................................................... ~ 1s
  2026-09-16 12:30:13 ........................................................................................... ~ 1s
  2026-09-16 12:30:14 ........................................................................................... ~ 1s
  2026-09-16 12:31:11 ........................................................................................... ~ 0s
  2026-09-16 12:31:11 ........................................................................................... ~ 1s
  2026-09-16 12:31:13 ........................................................................................... ~ 1s
  2026-09-16 12:31:14 ........................................................................................... ~ 0s
  2026-09-16 12:32:12 ........................................................................................... ~ 0s
  2026-09-16 12:32:12 ........................................................................................... ~ 1s
  2026-09-16 12:32:13 ........................................................................................... ~ 1s
  2026-09-16 12:32:14 ........................................................................................... ~ 0s
  2026-09-16 12:33:13 ........................................................................................... ~ 0s
  2026-09-16 12:33:13 ........................................................................................... ~ 1s
  2026-09-16 12:33:14 ........................................................................................... ~ 0s
  2026-09-16 12:33:14 ........................................................................................... ~ 1s
  2026-09-16 12:34:13 ........................................................................................... ~ 1s
  2026-09-16 12:34:14 ........................................................................................... ~ 0s
  2026-09-16 12:34:14 ........................................................................................... ~ 0s
  2026-09-16 12:34:14 ........................................................................................... ~ 1s
  2026-09-16 12:34:14 .......................................................................................... ~ 59s
  2026-09-16 12:35:14 ........................................................................................... ~ 0s
  2026-09-16 12:35:14 ........................................................................................... ~ 1s
  2026-09-16 12:35:15 ........................................................................................... ~ 1s
  2026-09-16 12:35:16 .......................................................................................... ~ 57s
  2026-09-16 12:36:14 ........................................................................................... ~ 0s
  2026-09-16 12:36:14 ........................................................................................... ~ 2s
  2026-09-16 12:36:16 ........................................................................................... ~ 1s
  2026-09-16 12:36:17 .......................................................................................... ~ 57s
  2026-09-16 12:37:14 ........................................................................................... ~ 0s
  2026-09-16 12:37:14 ........................................................................................... ~ 3s
  2026-09-16 12:37:17 ........................................................................................... ~ 1s
  2026-09-16 12:37:18 .......................................................................................... ~ 55s
  2026-09-16 12:38:14 ........................................................................................... ~ 0s
  2026-09-16 12:38:14 ........................................................................................... ~ 4s
  2026-09-16 12:38:18 ........................................................................................... ~ 1s
  2026-09-16 12:38:19 .......................................................................................... ~ 55s
  2026-09-16 12:39:14 ........................................................................................... ~ 1s
  2026-09-16 12:39:15 ........................................................................................... ~ 4s
  2026-09-16 12:39:19 ........................................................................................... ~ 1s
  2026-09-16 12:39:20 .......................................................................................... ~ 55s
  2026-09-16 12:40:15 ........................................................................................... ~ 1s
  2026-09-16 12:40:16 ........................................................................................... ~ 4s
  2026-09-16 12:40:20 ........................................................................................... ~ 1s
  2026-09-16 12:40:21 .......................................................................................... ~ 55s
  2026-09-16 12:41:16 ........................................................................................... ~ 1s
  2026-09-16 12:41:17 ........................................................................................... ~ 4s
  2026-09-16 12:41:21 ........................................................................................... ~ 1s
  2026-09-16 12:41:22 .......................................................................................... ~ 55s
  2026-09-16 12:42:17 ........................................................................................... ~ 1s
  2026-09-16 12:42:18 ........................................................................................... ~ 4s
  2026-09-16 12:42:22 ........................................................................................... ~ 1s
  2026-09-16 12:42:23 .......................................................................................... ~ 55s
  2026-09-16 12:43:18 ........................................................................................... ~ 1s
  2026-09-16 12:43:19 ........................................................................................... ~ 3s
  2026-09-16 12:43:22 ........................................................................................... ~ 1s
  2026-09-16 12:43:23 .......................................................................................... ~ 56s
  2026-09-16 12:44:19 ........................................................................................... ~ 1s
  2026-09-16 12:44:20 ........................................................................................... ~ 2s
  2026-09-16 12:44:22 ........................................................................................... ~ 1s
  2026-09-16 12:44:23 .......................................................................................... ~ 57s
  2026-09-16 12:45:20 ........................................................................................... ~ 1s
  2026-09-16 12:45:21 ........................................................................................... ~ 1s
  2026-09-16 12:45:22 ........................................................................................... ~ 1s
  2026-09-16 12:45:23 .......................................................................................... ~ 58s
  2026-09-16 12:46:21 ........................................................................................... ~ 1s
  2026-09-16 12:46:22 ........................................................................................... ~ 0s
  2026-09-16 12:46:22 ........................................................................................... ~ 1s
  2026-09-16 12:46:23 .......................................................................................... ~ 59s
  2026-09-16 12:47:22 ........................................................................................... ~ 0s
  2026-09-16 12:47:22 ........................................................................................... ~ 1s
  2026-09-16 12:47:23 ........................................................................................... ~ 0s
  2026-09-16 12:48:22 ........................................................................................... ~ 0s
  2026-09-16 12:48:22 ........................................................................................... ~ 1s
  2026-09-16 12:48:22 ........................................................................................... ~ 1s
  2026-09-16 12:48:23 ........................................................................................... ~ 0s
  2026-09-16 12:49:22 ........................................................................................... ~ 0s
  2026-09-16 12:49:22 ........................................................................................... ~ 1s
  2026-09-16 12:49:22 ........................................................................................... ~ 1s
  2026-09-16 12:49:23 ........................................................................................... ~ 0s
  2026-09-16 12:50:22 ........................................................................................... ~ 0s
  2026-09-16 12:50:22 ........................................................................................... ~ 1s
  2026-09-16 12:50:22 ........................................................................................... ~ 1s
  2026-09-16 12:50:23 ........................................................................................... ~ 1s
  2026-09-16 12:51:22 ........................................................................................... ~ 0s
  2026-09-16 12:51:22 ........................................................................................... ~ 1s
  2026-09-16 12:51:22 ........................................................................................... ~ 1s
  2026-09-16 12:51:23 ........................................................................................... ~ 0s
  2026-09-16 12:52:22 ........................................................................................... ~ 0s
  2026-09-16 12:52:22 ........................................................................................... ~ 1s
  2026-09-16 12:52:22 ........................................................................................... ~ 1s
  2026-09-16 12:52:23 ........................................................................................... ~ 0s
  2026-09-16 12:53:22 ........................................................................................... ~ 0s
  2026-09-16 12:53:22 ........................................................................................... ~ 1s
  2026-09-16 12:53:22 ........................................................................................... ~ 1s
  2026-09-16 12:53:23 ........................................................................................... ~ 0s
  2026-09-16 12:54:22 ........................................................................................... ~ 0s
  2026-09-16 12:54:22 ........................................................................................... ~ 1s
  2026-09-16 12:54:22 ........................................................................................... ~ 1s
  2026-09-16 12:54:23 ........................................................................................... ~ 1s
  2026-09-16 12:55:22 ........................................................................................... ~ 0s
  2026-09-16 12:55:22 ........................................................................................... ~ 1s
  2026-09-16 12:55:22 ........................................................................................... ~ 1s
  2026-09-16 12:55:23 ........................................................................................... ~ 0s
  2026-09-16 12:56:22 ........................................................................................... ~ 0s
  2026-09-16 12:56:22 ........................................................................................... ~ 0s
  2026-09-16 12:56:22 ........................................................................................... ~ 1s
  2026-09-16 12:56:23 ........................................................................................... ~ 0s
  2026-09-16 12:57:22 ........................................................................................... ~ 0s
  2026-09-16 12:57:22 ........................................................................................... ~ 1s
  2026-09-16 12:57:22 ........................................................................................... ~ 1s
  2026-09-16 12:57:23 ........................................................................................... ~ 0s
  2026-09-16 12:58:22 ........................................................................................... ~ 0s
  2026-09-16 12:58:22 ........................................................................................... ~ 0s
  2026-09-16 12:58:22 ........................................................................................... ~ 1s
  2026-09-16 12:58:23 ........................................................................................... ~ 0s
  2026-09-16 12:59:22 ........................................................................................... ~ 0s
  2026-09-16 12:59:22 ........................................................................................... ~ 1s
  2026-09-16 12:59:22 ........................................................................................... ~ 1s
  2026-09-16 12:59:23 ........................................................................................... ~ 0s
  2026-09-16 13:00:22 ........................................................................................... ~ 0s
  2026-09-16 13:00:22 ........................................................................................... ~ 0s
  2026-09-16 13:00:22 ........................................................................................... ~ 1s
  2026-09-16 13:00:23 ........................................................................................... ~ 0s
  2026-09-16 13:01:22 ........................................................................................... ~ 0s
  2026-09-16 13:01:22 ........................................................................................... ~ 1s
  2026-09-16 13:01:22 ........................................................................................... ~ 1s
  2026-09-16 13:01:23 ........................................................................................... ~ 1s
  2026-09-16 13:02:22 ........................................................................................... ~ 0s
  2026-09-16 13:02:22 ........................................................................................... ~ 0s
  2026-09-16 13:02:22 ........................................................................................... ~ 1s
  2026-09-16 13:02:23 ........................................................................................... ~ 0s
  2026-09-16 13:03:22 ........................................................................................... ~ 0s
  2026-09-16 13:03:22 ........................................................................................... ~ 0s
  2026-09-16 13:03:22 ........................................................................................... ~ 1s
  2026-09-16 13:03:23 ........................................................................................... ~ 0s
  2026-09-16 13:04:22 ........................................................................................... ~ 0s
  2026-09-16 13:04:22 ........................................................................................... ~ 0s
  2026-09-16 13:04:22 ........................................................................................... ~ 1s
  2026-09-16 13:04:23 ........................................................................................... ~ 0s
  2026-09-16 13:05:22 ........................................................................................... ~ 0s
  2026-09-16 13:05:22 ........................................................................................... ~ 1s
  2026-09-16 13:05:22 ........................................................................................... ~ 1s
  2026-09-16 13:05:23 ........................................................................................... ~ 1s
  2026-09-16 13:06:22 ........................................................................................... ~ 0s
  2026-09-16 13:06:22 ........................................................................................... ~ 0s
  2026-09-16 13:06:22 ........................................................................................... ~ 1s
  2026-09-16 13:06:23 ........................................................................................... ~ 1s
  2026-09-16 13:07:22 ........................................................................................... ~ 0s
  2026-09-16 13:07:22 ........................................................................................... ~ 1s
  2026-09-16 13:07:22 ........................................................................................... ~ 1s
  2026-09-16 13:07:23 ........................................................................................... ~ 0s
  2026-09-16 13:08:22 ........................................................................................... ~ 0s
  2026-09-16 13:08:22 ........................................................................................... ~ 1s
  2026-09-16 13:08:22 ........................................................................................... ~ 1s
  2026-09-16 13:08:23 ........................................................................................... ~ 0s
  2026-09-16 13:09:22 ........................................................................................... ~ 0s
  2026-09-16 13:09:22 ........................................................................................... ~ 0s
  2026-09-16 13:09:22 ........................................................................................... ~ 1s
  2026-09-16 13:09:23 ........................................................................................... ~ 0s
  2026-09-16 13:10:22 ........................................................................................... ~ 0s
  2026-09-16 13:10:22 ........................................................................................... ~ 0s
  2026-09-16 13:10:22 ........................................................................................... ~ 1s
  2026-09-16 13:10:23 ........................................................................................... ~ 0s
  2026-09-16 13:11:22 ........................................................................................... ~ 0s
  2026-09-16 13:11:22 ........................................................................................... ~ 1s
  2026-09-16 13:11:22 ........................................................................................... ~ 1s
  2026-09-16 13:11:23 ........................................................................................... ~ 0s
  2026-09-16 13:12:22 ........................................................................................... ~ 0s
  2026-09-16 13:12:22 ........................................................................................... ~ 1s
  2026-09-16 13:12:22 ........................................................................................... ~ 1s
  2026-09-16 13:12:23 ........................................................................................... ~ 0s
  2026-09-16 13:13:22 ........................................................................................... ~ 0s
  2026-09-16 13:13:22 ........................................................................................... ~ 0s
  2026-09-16 13:13:22 ........................................................................................... ~ 1s
  2026-09-16 13:13:23 ........................................................................................... ~ 0s
  2026-09-16 13:14:22 ........................................................................................... ~ 0s
  2026-09-16 13:14:22 ........................................................................................... ~ 0s
  2026-09-16 13:14:22 ........................................................................................... ~ 1s
  2026-09-16 13:14:23 ........................................................................................... ~ 0s
  2026-09-16 13:15:22 ........................................................................................... ~ 0s
  2026-09-16 13:15:22 ........................................................................................... ~ 0s
  2026-09-16 13:15:22 ........................................................................................... ~ 1s
  2026-09-16 13:15:23 ........................................................................................... ~ 0s
  2026-09-16 13:16:22 ........................................................................................... ~ 0s
  2026-09-16 13:16:22 ........................................................................................... ~ 1s
  2026-09-16 13:16:22 ........................................................................................... ~ 1s
  2026-09-16 13:16:23 ........................................................................................... ~ 0s
  2026-09-16 13:17:22 ........................................................................................... ~ 0s
  2026-09-16 13:17:22 ........................................................................................... ~ 1s
  2026-09-16 13:17:22 ........................................................................................... ~ 1s
  2026-09-16 13:17:23 ........................................................................................... ~ 0s
  2026-09-16 13:18:22 ........................................................................................... ~ 0s
  2026-09-16 13:18:22 ........................................................................................... ~ 1s
  2026-09-16 13:18:22 ........................................................................................... ~ 1s
  2026-09-16 13:18:23 ........................................................................................... ~ 0s
  2026-09-16 13:19:22 ........................................................................................... ~ 0s
  2026-09-16 13:19:22 ........................................................................................... ~ 1s
  2026-09-16 13:19:22 ........................................................................................... ~ 1s
  2026-09-16 13:19:23 ........................................................................................... ~ 0s
  2026-09-16 13:20:22 ........................................................................................... ~ 0s
  2026-09-16 13:20:22 ........................................................................................... ~ 0s
  2026-09-16 13:20:22 ........................................................................................... ~ 1s
  2026-09-16 13:20:23 ........................................................................................... ~ 0s
  2026-09-16 13:21:22 ........................................................................................... ~ 0s
  2026-09-16 13:21:22 ........................................................................................... ~ 0s
  2026-09-16 13:21:22 ........................................................................................... ~ 1s
  2026-09-16 13:21:23 ........................................................................................... ~ 0s
  2026-09-16 13:22:22 ........................................................................................... ~ 0s
  2026-09-16 13:22:22 ........................................................................................... ~ 0s
  2026-09-16 13:22:22 ........................................................................................... ~ 1s
  2026-09-16 13:22:23 ........................................................................................... ~ 0s
  2026-09-16 13:23:22 ........................................................................................... ~ 0s
  2026-09-16 13:23:22 ........................................................................................... ~ 0s
  2026-09-16 13:23:22 ........................................................................................... ~ 1s
  2026-09-16 13:23:23 ........................................................................................... ~ 0s
  2026-09-16 13:23:23 .......................................................................................... ~ 59s
  2026-09-16 13:24:22 ........................................................................................... ~ 0s
  2026-09-16 13:24:22 ........................................................................................... ~ 1s
  2026-09-16 13:24:23 ........................................................................................... ~ 0s
  2026-09-16 13:25:22 ........................................................................................... ~ 0s
  2026-09-16 13:25:22 ........................................................................................... ~ 0s
  2026-09-16 13:25:22 ........................................................................................... ~ 1s
  2026-09-16 13:25:23 ........................................................................................... ~ 0s
  2026-09-16 13:26:22 ........................................................................................... ~ 0s
  2026-09-16 13:26:22 ........................................................................................... ~ 0s
  2026-09-16 13:26:22 ........................................................................................... ~ 1s
  2026-09-16 13:26:23 ........................................................................................... ~ 0s
  2026-09-16 13:27:22 ........................................................................................... ~ 0s
  2026-09-16 13:27:22 ........................................................................................... ~ 0s
  2026-09-16 13:27:22 ........................................................................................... ~ 1s
  2026-09-16 13:27:23 ........................................................................................... ~ 0s
  2026-09-16 13:27:23 .......................................................................................... ~ 59s
  2026-09-16 13:28:22 ........................................................................................... ~ 0s
  2026-09-16 13:28:22 ........................................................................................... ~ 1s
  2026-09-16 13:28:23 ........................................................................................... ~ 0s
  2026-09-16 13:28:23 ........................................................................................... ~ 0s
  2026-09-16 13:28:24 ........................................................................................... ~ 1s
  2026-09-16 13:28:25 ........................................................................................... ~ 5s
  2026-09-16 13:28:31 ........................................................................................... ~ 1s
  2026-09-16 13:28:32 ......................................................................................... ~ 347s
  2026-09-16 13:34:19 ........................................................................................... ~ 0s
  2026-09-16 13:34:19 ........................................................................................... ~ 1s
  2026-09-16 13:34:25 ........................................................................................... ~ 0s
  2026-09-16 13:34:25 ........................................................................................... ~ 1s
  2026-09-16 13:38:31 ........................................................................................... ~ 1s
  2026-09-16 13:38:32 ........................................................................................... ~ 0s
  2026-09-16 13:38:33 ........................................................................................... ~ 0s
  2026-09-16 13:38:33 ........................................................................................... ~ 0s
  2026-09-16 13:38:43 ........................................................................................... ~ 0s
  2026-09-16 13:38:43 ........................................................................................... ~ 1s
  2026-09-16 13:38:44 ........................................................................................... ~ 1s
  2026-09-16 13:38:45 ........................................................................................... ~ 0s
  2026-09-16 13:39:31 ........................................................................................... ~ 0s
  2026-09-16 13:39:31 ........................................................................................... ~ 0s
  2026-09-16 13:39:32 ........................................................................................... ~ 0s
  2026-09-16 13:39:32 ........................................................................................... ~ 1s
  2026-09-16 13:39:33 ........................................................................................... ~ 1s
  2026-09-16 13:39:33 ........................................................................................... ~ 2s
  2026-09-16 13:39:34 ........................................................................................... ~ 2s
  2026-09-16 13:39:35 ........................................................................................... ~ 1s
  2026-09-16 13:39:36 ........................................................................................... ~ 0s
  2026-09-16 13:39:36 ........................................................................................... ~ 1s
  2026-09-16 13:39:36 ........................................................................................... ~ 1s
  2026-09-16 13:39:37 ........................................................................................... ~ 1s
  2026-09-16 13:39:37 ........................................................................................... ~ 1s
  2026-09-16 13:39:38 ........................................................................................... ~ 1s
  2026-09-16 13:39:38 ........................................................................................... ~ 1s
  2026-09-16 13:39:39 ........................................................................................... ~ 1s
  2026-09-16 13:39:39 ........................................................................................... ~ 1s
  2026-09-16 13:39:40 ........................................................................................... ~ 1s
  2026-09-16 13:39:41 ........................................................................................... ~ 0s
  2026-09-16 13:40:11 ........................................................................................... ~ 0s
  2026-09-16 13:40:11 ........................................................................................... ~ 0s
  2026-09-16 13:40:35 ........................................................................................... ~ 0s
  2026-09-16 13:40:35 ........................................................................................... ~ 1s
  2026-09-16 13:41:35 ........................................................................................... ~ 1s
  2026-09-16 13:41:36 ........................................................................................... ~ 0s
  2026-09-16 13:41:40 ........................................................................................... ~ 0s
  2026-09-16 13:41:40 ........................................................................................... ~ 1s
  2026-09-16 13:42:23 ........................................................................................... ~ 1s
  2026-09-16 13:42:24 ........................................................................................... ~ 0s
  2026-09-16 13:42:35 ........................................................................................... ~ 0s
  2026-09-16 13:42:35 ........................................................................................... ~ 1s
  2026-09-16 13:42:39 ........................................................................................... ~ 1s
  2026-09-16 13:42:40 ........................................................................................... ~ 0s
  2026-09-16 13:43:35 ........................................................................................... ~ 1s
  2026-09-16 13:43:36 ........................................................................................... ~ 2s
  2026-09-16 13:44:35 ........................................................................................... ~ 0s
  2026-09-16 13:44:35 ........................................................................................... ~ 1s
  2026-09-16 13:44:45 ........................................................................................... ~ 1s
  2026-09-16 13:44:46 ........................................................................................... ~ 0s
  2026-09-16 13:44:55 ........................................................................................... ~ 1s
  2026-09-16 13:44:56 ........................................................................................... ~ 0s
  2026-09-16 13:44:59 ........................................................................................... ~ 0s
  2026-09-16 13:44:59 ........................................................................................... ~ 1s
  2026-09-16 13:45:02 ........................................................................................... ~ 0s
  2026-09-16 13:45:02 ........................................................................................... ~ 1s
  2026-09-16 13:45:05 ........................................................................................... ~ 0s
  2026-09-16 13:45:05 ........................................................................................... ~ 1s
  2026-09-16 13:45:35 ........................................................................................... ~ 1s
  2026-09-16 13:45:36 ........................................................................................... ~ 0s
  2026-09-16 13:46:35 ........................................................................................... ~ 1s
  2026-09-16 13:46:36 ........................................................................................... ~ 0s
  2026-09-16 13:47:36 ........................................................................................... ~ 0s
  2026-09-16 13:47:36 ........................................................................................... ~ 1s
  2026-09-16 13:49:22 ........................................................................................... ~ 0s
  2026-09-16 13:49:22 ........................................................................................... ~ 1s
  2026-09-16 13:50:22 ........................................................................................... ~ 0s
  2026-09-16 13:50:22 ........................................................................................... ~ 1s
  2026-09-16 13:51:22 ........................................................................................... ~ 0s
  2026-09-16 13:51:22 ........................................................................................... ~ 1s
  2026-09-16 13:52:22 ........................................................................................... ~ 0s
  2026-09-16 13:52:22 ........................................................................................... ~ 1s
  2026-09-16 13:53:22 ........................................................................................... ~ 0s
  2026-09-16 13:53:22 ........................................................................................... ~ 1s
  2026-09-16 13:54:22 ........................................................................................... ~ 0s
  2026-09-16 13:54:22 ........................................................................................... ~ 1s
  2026-09-16 13:55:22 ........................................................................................... ~ 0s
  2026-09-16 13:55:22 ........................................................................................... ~ 1s
  2026-09-16 13:56:22 ........................................................................................... ~ 0s
  2026-09-16 13:56:22 ........................................................................................... ~ 1s
  2026-09-16 13:57:22 ........................................................................................... ~ 0s
  2026-09-16 13:57:22 ........................................................................................... ~ 1s
  2026-09-16 13:58:22 ........................................................................................... ~ 0s
  2026-09-16 13:58:22 ........................................................................................... ~ 1s
  2026-09-16 13:59:22 ........................................................................................... ~ 0s
  2026-09-16 13:59:22 ........................................................................................... ~ 1s
  2026-09-16 14:00:22 ........................................................................................... ~ 0s
  2026-09-16 14:00:22 ........................................................................................... ~ 1s
  2026-09-16 14:01:22 ........................................................................................... ~ 0s
  2026-09-16 14:01:22 ........................................................................................... ~ 1s
  2026-09-16 14:02:22 ........................................................................................... ~ 0s
  2026-09-16 14:02:22 ........................................................................................... ~ 1s
  2026-09-16 14:03:22 ........................................................................................... ~ 0s
  2026-09-16 14:03:22 ........................................................................................... ~ 1s
  2026-09-16 14:04:22 ........................................................................................... ~ 0s
  2026-09-16 14:04:22 ........................................................................................... ~ 1s
  2026-09-16 14:05:22 ........................................................................................... ~ 0s
  2026-09-16 14:05:22 ........................................................................................... ~ 1s
  2026-09-16 14:05:40 ........................................................................................... ~ 1s
  2026-09-16 14:05:41 ........................................................................................... ~ 0s
  2026-09-16 14:05:44 ........................................................................................... ~ 1s
  2026-09-16 14:05:45 ........................................................................................... ~ 0s
  2026-09-16 14:05:53 ........................................................................................... ~ 0s
  2026-09-16 14:05:53 ........................................................................................... ~ 1s
  2026-09-16 14:06:00 ........................................................................................... ~ 0s
  2026-09-16 14:06:00 ........................................................................................... ~ 1s
  2026-09-16 14:06:01 ........................................................................................... ~ 1s
  2026-09-16 14:06:02 ........................................................................................... ~ 0s
  2026-09-16 14:06:35 ........................................................................................... ~ 0s
  2026-09-16 14:06:35 ........................................................................................... ~ 1s
  2026-09-16 14:06:41 ........................................................................................... ~ 1s
  2026-09-16 14:06:42 ........................................................................................... ~ 1s
  2026-09-16 14:06:43 ........................................................................................... ~ 0s
  2026-09-16 14:06:44 ........................................................................................... ~ 0s
  2026-09-16 14:06:44 .......................................................................................... ~ 39s
  2026-09-16 14:07:24 ........................................................................................... ~ 0s
  2026-09-16 14:07:24 ........................................................................................... ~ 1s
  2026-09-16 14:07:24 ........................................................................................... ~ 1s
  2026-09-16 14:07:35 ........................................................................................... ~ 0s
  2026-09-16 14:07:35 ........................................................................................... ~ 1s
  2026-09-16 14:08:35 ........................................................................................... ~ 1s
  2026-09-16 14:08:36 ........................................................................................... ~ 0s
  2026-09-16 14:09:35 ........................................................................................... ~ 1s
  2026-09-16 14:09:36 ........................................................................................... ~ 0s
  2026-09-16 14:10:35 ........................................................................................... ~ 1s
  2026-09-16 14:10:36 ........................................................................................... ~ 0s
  2026-09-16 14:11:35 ........................................................................................... ~ 1s
  2026-09-16 14:11:36 ........................................................................................... ~ 1s
  2026-09-16 14:12:35 ........................................................................................... ~ 1s
  2026-09-16 14:12:36 ........................................................................................... ~ 0s
  2026-09-16 14:12:43 ........................................................................................... ~ 1s
  2026-09-16 14:12:44 ........................................................................................... ~ 1s
  2026-09-16 14:12:45 ........................................................................................... ~ 0s
  2026-09-16 14:12:46 ........................................................................................... ~ 0s
  2026-09-16 14:12:46 .......................................................................................... ~ 12s
  2026-09-16 14:12:58 ........................................................................................... ~ 1s
  2026-09-16 14:12:59 ........................................................................................... ~ 2s
  2026-09-16 14:13:01 ........................................................................................... ~ 1s
  2026-09-16 14:13:02 ........................................................................................... ~ 7s
  2026-09-16 14:13:10 ........................................................................................... ~ 0s
  2026-09-16 14:13:10 ........................................................................................... ~ 1s
  2026-09-16 14:13:11 ........................................................................................... ~ 1s
  2026-09-16 14:13:12 ........................................................................................... ~ 7s
  2026-09-16 14:13:19 ........................................................................................... ~ 1s
  2026-09-16 14:13:20 ........................................................................................... ~ 1s
  2026-09-16 14:13:20 ........................................................................................... ~ 2s
  2026-09-16 14:13:31 ........................................................................................... ~ 0s
  2026-09-16 14:13:31 ........................................................................................... ~ 1s
  2026-09-16 14:13:32 ........................................................................................... ~ 1s
  2026-09-16 14:13:33 ........................................................................................... ~ 1s
  2026-09-16 14:13:34 ........................................................................................... ~ 1s
  2026-09-16 14:13:35 ........................................................................................... ~ 1s
  2026-09-16 14:13:36 .......................................................................................... ~ 59s
  2026-09-16 14:14:35 ........................................................................................... ~ 1s
  2026-09-16 14:14:36 .......................................................................................... ~ 59s
  2026-09-16 14:15:35 ........................................................................................... ~ 1s
  2026-09-16 14:15:36 .......................................................................................... ~ 59s
  2026-09-16 14:16:36 ........................................................................................... ~ 0s
  2026-09-16 14:16:36 .......................................................................................... ~ 60s
  2026-09-16 14:17:36 ........................................................................................... ~ 1s
  2026-09-16 14:17:37 ......................................................................................... ~ 105s
  2026-09-16 14:19:22 ........................................................................................... ~ 0s
  2026-09-16 14:19:22 ........................................................................................... ~ 1s
  2026-09-16 14:20:20 ........................................................................................... ~ 0s
  2026-09-16 14:20:20 ........................................................................................... ~ 1s
  2026-09-16 14:20:28 ........................................................................................... ~ 0s
  2026-09-16 14:20:28 ........................................................................................... ~ 1s
  2026-09-16 14:20:29 ........................................................................................... ~ 1s
  2026-09-16 14:20:30 ........................................................................................... ~ 0s
  2026-09-16 14:20:30 ........................................................................................... ~ 2s
  2026-09-16 14:20:32 ........................................................................................... ~ 1s
  2026-09-16 14:20:33 ........................................................................................... ~ 2s
  2026-09-16 14:20:35 ........................................................................................... ~ 1s
  2026-09-16 14:20:36 ........................................................................................... ~ 6s
  2026-09-16 14:20:43 ........................................................................................... ~ 0s
  2026-09-16 14:20:43 ........................................................................................... ~ 1s
  2026-09-16 14:20:44 ........................................................................................... ~ 1s
  2026-09-16 14:20:45 ........................................................................................... ~ 6s
  2026-09-16 14:20:51 ........................................................................................... ~ 0s
  2026-09-16 14:20:51 ........................................................................................... ~ 1s
  2026-09-16 14:20:51 ........................................................................................... ~ 1s
  2026-09-16 14:20:52 ........................................................................................... ~ 0s
  2026-09-16 14:20:52 ........................................................................................... ~ 1s
  2026-09-16 14:20:52 ........................................................................................... ~ 1s
  2026-09-16 14:20:53 ........................................................................................... ~ 1s
  2026-09-16 14:20:53 ........................................................................................... ~ 1s
  2026-09-16 14:20:54 ........................................................................................... ~ 1s
  2026-09-16 14:20:55 ........................................................................................... ~ 0s
  2026-09-16 14:20:55 ........................................................................................... ~ 1s
  2026-09-16 14:21:51 ........................................................................................... ~ 0s
  2026-09-16 14:21:51 ........................................................................................... ~ 1s
  2026-09-16 14:22:05 ........................................................................................... ~ 1s
  2026-09-16 14:22:06 ........................................................................................... ~ 1s
  2026-09-16 14:22:06 ........................................................................................... ~ 1s
  2026-09-16 14:22:07 ........................................................................................... ~ 1s
  2026-09-16 14:22:07 ........................................................................................... ~ 1s
  2026-09-16 14:22:08 ........................................................................................... ~ 0s
  2026-09-16 14:22:08 ........................................................................................... ~ 1s
  2026-09-16 14:22:08 ........................................................................................... ~ 2s
  2026-09-16 14:22:09 ........................................................................................... ~ 1s
  2026-09-16 14:22:10 ........................................................................................... ~ 1s
  2026-09-16 14:22:11 ........................................................................................... ~ 0s
  2026-09-16 14:22:11 ........................................................................................... ~ 1s
  2026-09-16 14:23:06 ........................................................................................... ~ 0s
  2026-09-16 14:23:06 ........................................................................................... ~ 2s
  2026-09-16 14:23:08 ........................................................................................... ~ 1s
  2026-09-16 14:23:08 ........................................................................................... ~ 2s
  2026-09-16 14:23:09 ........................................................................................... ~ 1s
  2026-09-16 14:23:10 ........................................................................................... ~ 1s
  2026-09-16 14:23:10 ........................................................................................... ~ 2s
  2026-09-16 14:23:11 ........................................................................................... ~ 2s
  2026-09-16 14:23:12 ........................................................................................... ~ 2s
  2026-09-16 14:23:13 ........................................................................................... ~ 3s
  2026-09-16 14:23:14 ........................................................................................... ~ 2s
  2026-09-16 14:23:16 ........................................................................................... ~ 1s
  2026-09-16 14:23:16 ........................................................................................... ~ 2s
  2026-09-16 14:23:17 ........................................................................................... ~ 2s
  2026-09-16 14:23:18 ........................................................................................... ~ 2s
  2026-09-16 14:23:19 ........................................................................................... ~ 1s
  2026-09-16 14:23:20 ........................................................................................... ~ 1s
  2026-09-16 14:23:20 ........................................................................................... ~ 2s
  2026-09-16 14:23:21 ........................................................................................... ~ 2s
  2026-09-16 14:23:22 ........................................................................................... ~ 2s
  2026-09-16 14:23:23 ........................................................................................... ~ 2s
  2026-09-16 14:23:25 ........................................................................................... ~ 1s
  2026-09-16 14:23:26 ........................................................................................... ~ 0s
  2026-09-16 14:24:15 ........................................................................................... ~ 0s
  2026-09-16 14:24:15 ........................................................................................... ~ 0s
  2026-09-16 14:24:47 ........................................................................................... ~ 0s
  2026-09-16 14:24:47 ........................................................................................... ~ 1s
  2026-09-16 14:24:47 ........................................................................................... ~ 1s
  2026-09-16 14:24:48 ........................................................................................... ~ 1s
  2026-09-16 14:24:48 ........................................................................................... ~ 1s
  2026-09-16 14:24:49 ........................................................................................... ~ 1s
  2026-09-16 14:24:49 ........................................................................................... ~ 2s
  2026-09-16 14:24:50 ........................................................................................... ~ 1s
  2026-09-16 14:24:51 ........................................................................................... ~ 1s
  2026-09-16 14:24:51 ........................................................................................... ~ 2s
  2026-09-16 14:24:53 ........................................................................................... ~ 0s
  2026-09-16 14:24:53 ........................................................................................... ~ 1s
  2026-09-16 14:25:47 ........................................................................................... ~ 0s
  2026-09-16 14:25:47 ........................................................................................... ~ 1s
  2026-09-16 14:26:47 ........................................................................................... ~ 0s
  2026-09-16 14:26:47 ........................................................................................... ~ 1s
  2026-09-16 14:27:13 ........................................................................................... ~ 0s
  2026-09-16 14:27:13 ........................................................................................... ~ 1s
  2026-09-16 14:27:15 ........................................................................................... ~ 0s
  2026-09-16 14:27:15 ........................................................................................... ~ 1s
  2026-09-16 14:27:38 ........................................................................................... ~ 1s
  2026-09-16 14:27:39 ........................................................................................... ~ 0s
  2026-09-16 14:27:39 ........................................................................................... ~ 1s
  2026-09-16 14:27:40 ........................................................................................... ~ 1s
  2026-09-16 14:27:41 ........................................................................................... ~ 6s
  2026-09-16 14:27:47 ........................................................................................... ~ 1s
  2026-09-16 14:27:48 .......................................................................................... ~ 28s
  2026-09-16 14:28:16 ........................................................................................... ~ 1s
  2026-09-16 14:28:16 ........................................................................................... ~ 2s
  2026-09-16 14:28:17 ........................................................................................... ~ 1s
  2026-09-16 14:28:18 ........................................................................................... ~ 1s
  2026-09-16 14:28:18 ........................................................................................... ~ 1s
  2026-09-16 14:28:19 ........................................................................................... ~ 1s
  2026-09-16 14:28:19 ........................................................................................... ~ 2s
  2026-09-16 14:28:20 ........................................................................................... ~ 2s
  2026-09-16 14:28:21 ........................................................................................... ~ 1s
  2026-09-16 14:28:22 ........................................................................................... ~ 1s
  2026-09-16 14:28:23 ........................................................................................... ~ 1s
  2026-09-16 14:28:24 ........................................................................................... ~ 1s
  2026-09-16 14:28:24 ........................................................................................... ~ 2s
  2026-09-16 14:28:25 ........................................................................................... ~ 2s
  2026-09-16 14:28:26 ........................................................................................... ~ 1s
  2026-09-16 14:28:27 ........................................................................................... ~ 1s
  2026-09-16 14:28:27 ........................................................................................... ~ 2s
  2026-09-16 14:28:28 ........................................................................................... ~ 1s
  2026-09-16 14:28:29 ........................................................................................... ~ 1s
  2026-09-16 14:28:29 ........................................................................................... ~ 2s
  2026-09-16 14:28:30 ........................................................................................... ~ 2s
  2026-09-16 14:28:32 ........................................................................................... ~ 0s
  2026-09-16 14:28:32 ........................................................................................... ~ 1s
  2026-09-16 14:29:21 ........................................................................................... ~ 1s
  2026-09-16 14:29:22 ........................................................................................... ~ 0s
  2026-09-16 14:29:22 ........................................................................................... ~ 0s
  2026-09-16 14:29:22 ........................................................................................... ~ 1s
  2026-09-16 14:29:22 ........................................................................................... ~ 1s
  2026-09-16 14:29:23 ........................................................................................... ~ 1s
  2026-09-16 14:29:23 ........................................................................................... ~ 1s
  2026-09-16 14:29:24 ........................................................................................... ~ 1s
  2026-09-16 14:29:24 ........................................................................................... ~ 1s
  2026-09-16 14:29:25 ........................................................................................... ~ 1s
  2026-09-16 14:29:26 ........................................................................................... ~ 0s
  2026-09-16 14:29:26 ........................................................................................... ~ 1s
  2026-09-16 14:30:21 ........................................................................................... ~ 1s
  2026-09-16 14:30:22 ........................................................................................... ~ 0s
  2026-09-16 14:31:21 ........................................................................................... ~ 1s
  2026-09-16 14:31:22 ........................................................................................... ~ 0s
  2026-09-16 14:32:21 ........................................................................................... ~ 1s
  2026-09-16 14:32:22 ........................................................................................... ~ 0s
  2026-09-16 14:33:21 ........................................................................................... ~ 1s
  2026-09-16 14:33:22 ........................................................................................... ~ 0s
  2026-09-16 14:34:09 ........................................................................................... ~ 1s
  2026-09-16 14:34:10 ........................................................................................... ~ 0s
  2026-09-16 14:34:10 ........................................................................................... ~ 0s
  2026-09-16 14:34:10 ........................................................................................... ~ 1s
  2026-09-16 14:34:10 ........................................................................................... ~ 1s
  2026-09-16 14:34:11 ........................................................................................... ~ 1s
  2026-09-16 14:34:11 ........................................................................................... ~ 1s
  2026-09-16 14:34:12 ........................................................................................... ~ 1s
  2026-09-16 14:34:12 ........................................................................................... ~ 1s
  2026-09-16 14:34:13 ........................................................................................... ~ 1s
  2026-09-16 14:34:14 ........................................................................................... ~ 0s
  2026-09-16 14:34:14 ........................................................................................... ~ 1s
  2026-09-16 14:35:10 ........................................................................................... ~ 1s
  2026-09-16 14:35:11 ........................................................................................... ~ 0s
  2026-09-16 14:36:10 ........................................................................................... ~ 0s
  2026-09-16 14:36:10 ........................................................................................... ~ 1s
  2026-09-16 14:37:10 ........................................................................................... ~ 0s
  2026-09-16 14:37:10 ........................................................................................... ~ 1s
  2026-09-16 14:38:01 ........................................................................................... ~ 0s
  2026-09-16 14:38:01 ........................................................................................... ~ 1s
  2026-09-16 14:38:05 ........................................................................................... ~ 1s
  2026-09-16 14:38:06 ........................................................................................... ~ 1s
  2026-09-16 14:42:59 ........................................................................................... ~ 0s
  2026-09-16 14:42:59 ........................................................................................... ~ 2s
  2026-09-16 14:43:19 ........................................................................................... ~ 1s
  2026-09-16 14:43:20 ........................................................................................... ~ 0s
  2026-09-16 14:43:21 ........................................................................................... ~ 0s
  2026-09-16 14:43:21 ........................................................................................... ~ 0s
  2026-09-16 14:43:36 ........................................................................................... ~ 1s
  2026-09-16 14:43:37 ........................................................................................... ~ 0s
  2026-09-16 14:43:38 ........................................................................................... ~ 0s
  2026-09-16 14:43:38 ........................................................................................... ~ 1s
  2026-09-16 14:43:48 ........................................................................................... ~ 1s
  2026-09-16 14:43:49 ........................................................................................... ~ 0s
  2026-09-16 14:43:49 ........................................................................................... ~ 1s
  2026-09-16 14:43:50 ........................................................................................... ~ 1s
  2026-09-16 14:43:51 ........................................................................................... ~ 1s
  2026-09-16 14:43:51 ........................................................................................... ~ 1s
  2026-09-16 14:43:52 ........................................................................................... ~ 1s
  2026-09-16 14:43:52 ........................................................................................... ~ 1s
  2026-09-16 14:43:53 ........................................................................................... ~ 0s
  2026-09-16 14:43:53 ........................................................................................... ~ 1s
  2026-09-16 14:43:53 ........................................................................................... ~ 1s
  2026-09-16 14:43:54 ........................................................................................... ~ 1s
  2026-09-16 14:43:54 ........................................................................................... ~ 1s
  2026-09-16 14:43:55 ........................................................................................... ~ 1s
  2026-09-16 14:43:55 ........................................................................................... ~ 1s
  2026-09-16 14:43:56 ........................................................................................... ~ 1s
  2026-09-16 14:43:56 ........................................................................................... ~ 2s
  2026-09-16 14:43:58 ........................................................................................... ~ 0s
  2026-09-16 14:43:58 ........................................................................................... ~ 1s
  2026-09-16 14:44:52 ........................................................................................... ~ 1s
  2026-09-16 14:44:53 ........................................................................................... ~ 0s
  2026-09-16 14:45:52 ........................................................................................... ~ 1s
  2026-09-16 14:45:53 ........................................................................................... ~ 0s
  2026-09-16 14:46:05 ........................................................................................... ~ 1s
  2026-09-16 14:46:06 ........................................................................................... ~ 1s
  2026-09-16 14:46:06 ........................................................................................... ~ 1s
  2026-09-16 14:46:07 ........................................................................................... ~ 1s
  2026-09-16 14:46:07 ........................................................................................... ~ 2s
  2026-09-16 14:46:08 ........................................................................................... ~ 1s
  2026-09-16 14:46:09 ........................................................................................... ~ 1s
  2026-09-16 14:46:09 ........................................................................................... ~ 2s
  2026-09-16 14:46:10 ........................................................................................... ~ 2s
  2026-09-16 14:46:11 ........................................................................................... ~ 1s
  2026-09-16 14:46:12 ........................................................................................... ~ 1s
  2026-09-16 14:46:13 ........................................................................................... ~ 1s
  2026-09-16 14:47:07 ........................................................................................... ~ 0s
  2026-09-16 14:47:07 ........................................................................................... ~ 1s
  2026-09-16 14:48:07 ........................................................................................... ~ 0s
  2026-09-16 14:48:07 ........................................................................................... ~ 1s
  2026-09-16 14:48:13 ........................................................................................... ~ 0s
  2026-09-16 14:48:13 ........................................................................................... ~ 1s
  2026-09-16 14:48:13 ........................................................................................... ~ 2s
  2026-09-16 14:48:14 ........................................................................................... ~ 2s
  2026-09-16 14:48:15 ........................................................................................... ~ 1s
  2026-09-16 14:48:16 ........................................................................................... ~ 0s
  2026-09-16 14:48:16 ........................................................................................... ~ 1s
  2026-09-16 14:48:16 ........................................................................................... ~ 1s
  2026-09-16 14:48:17 ........................................................................................... ~ 1s
  2026-09-16 14:48:17 ........................................................................................... ~ 1s
  2026-09-16 14:48:18 ........................................................................................... ~ 1s
  2026-09-16 14:48:19 ........................................................................................... ~ 1s
  2026-09-16 14:48:20 ........................................................................................... ~ 8s
  2026-09-16 14:48:28 ........................................................................................... ~ 1s
  2026-09-16 14:48:29 ........................................................................................... ~ 1s
  2026-09-16 14:48:31 ........................................................................................... ~ 0s
  2026-09-16 14:48:31 .......................................................................................... ~ 43s
  2026-09-16 14:49:15 ........................................................................................... ~ 0s
  2026-09-16 14:49:15 .......................................................................................... ~ 52s
  2026-09-16 14:50:07 ........................................................................................... ~ 1s
  2026-09-16 14:50:08 ........................................................................................... ~ 0s
  2026-09-16 14:50:08 ........................................................................................... ~ 1s
  2026-09-16 14:50:14 ........................................................................................... ~ 1s
  2026-09-16 14:50:15 ........................................................................................... ~ 0s
  2026-09-16 14:51:03 ........................................................................................... ~ 1s
  2026-09-16 14:51:04 ........................................................................................... ~ 1s
  2026-09-16 14:51:04 ........................................................................................... ~ 1s
  2026-09-16 14:51:05 ........................................................................................... ~ 1s
  2026-09-16 14:51:05 ........................................................................................... ~ 1s
  2026-09-16 14:51:06 ........................................................................................... ~ 0s
  2026-09-16 14:51:06 ........................................................................................... ~ 1s
  2026-09-16 14:51:06 ........................................................................................... ~ 1s
  2026-09-16 14:51:07 ........................................................................................... ~ 1s
  2026-09-16 14:51:07 ........................................................................................... ~ 1s
  2026-09-16 14:51:08 ........................................................................................... ~ 1s
  2026-09-16 14:51:09 ........................................................................................... ~ 0s
  2026-09-16 14:52:04 ........................................................................................... ~ 0s
  2026-09-16 14:52:04 ........................................................................................... ~ 0s
  2026-09-16 14:53:04 ........................................................................................... ~ 0s
  2026-09-16 14:53:04 ........................................................................................... ~ 1s
  2026-09-16 14:53:26 ........................................................................................... ~ 0s
  2026-09-16 14:53:26 ........................................................................................... ~ 1s
  2026-09-16 14:53:26 ........................................................................................... ~ 1s
  2026-09-16 14:53:27 ........................................................................................... ~ 0s
  2026-09-16 14:53:27 ........................................................................................... ~ 1s
  2026-09-16 14:53:27 ........................................................................................... ~ 1s
  2026-09-16 14:53:28 ........................................................................................... ~ 1s
  2026-09-16 14:53:28 ........................................................................................... ~ 1s
  2026-09-16 14:53:29 ........................................................................................... ~ 1s
  2026-09-16 14:53:29 ........................................................................................... ~ 1s
  2026-09-16 14:53:30 ........................................................................................... ~ 1s
  2026-09-16 14:53:31 ........................................................................................... ~ 0s
  2026-09-16 14:54:26 ........................................................................................... ~ 0s
  2026-09-16 14:54:26 ........................................................................................... ~ 1s
  2026-09-16 14:54:52 ........................................................................................... ~ 1s
  2026-09-16 14:54:53 ........................................................................................... ~ 1s
  2026-09-16 14:54:53 ........................................................................................... ~ 1s
  2026-09-16 14:54:54 ........................................................................................... ~ 1s
  2026-09-16 14:54:54 ........................................................................................... ~ 1s
  2026-09-16 14:54:55 ........................................................................................... ~ 1s
  2026-09-16 14:54:55 ........................................................................................... ~ 1s
  2026-09-16 14:54:56 ........................................................................................... ~ 1s
  2026-09-16 14:54:56 ........................................................................................... ~ 1s
  2026-09-16 14:54:57 ........................................................................................... ~ 1s
  2026-09-16 14:54:58 ........................................................................................... ~ 0s
  2026-09-16 14:54:58 ........................................................................................... ~ 1s
  2026-09-16 14:55:44 ........................................................................................... ~ 0s
  2026-09-16 14:55:44 ........................................................................................... ~ 1s
  2026-09-16 14:55:44 ........................................................................................... ~ 1s
  2026-09-16 14:55:45 ........................................................................................... ~ 1s
  2026-09-16 14:55:45 ........................................................................................... ~ 1s
  2026-09-16 14:55:46 ........................................................................................... ~ 1s
  2026-09-16 14:55:46 ........................................................................................... ~ 2s
  2026-09-16 14:55:47 ........................................................................................... ~ 2s
  2026-09-16 14:55:48 ........................................................................................... ~ 2s
  2026-09-16 14:55:49 ........................................................................................... ~ 1s
  2026-09-16 14:55:50 ........................................................................................... ~ 1s
  2026-09-16 14:55:51 ........................................................................................... ~ 2s
  2026-09-16 14:55:53 ........................................................................................... ~ 1s
  2026-09-16 14:55:54 ........................................................................................... ~ 1s
  2026-09-16 14:55:54 ........................................................................................... ~ 1s
  2026-09-16 14:55:55 ........................................................................................... ~ 0s
  2026-09-16 14:55:55 ........................................................................................... ~ 1s
  2026-09-16 14:55:55 ........................................................................................... ~ 1s
  2026-09-16 14:55:56 ........................................................................................... ~ 1s
  2026-09-16 14:55:56 ........................................................................................... ~ 1s
  2026-09-16 14:55:57 ........................................................................................... ~ 1s
  2026-09-16 14:55:57 ........................................................................................... ~ 2s
  2026-09-16 14:55:59 ........................................................................................... ~ 0s
  2026-09-16 14:55:59 ........................................................................................... ~ 1s
  2026-09-16 14:55:59 ........................................................................................... ~ 1s
  2026-09-16 14:56:00 ........................................................................................... ~ 1s
  2026-09-16 14:56:00 ........................................................................................... ~ 1s
  2026-09-16 14:56:01 ........................................................................................... ~ 1s
  2026-09-16 14:56:01 ........................................................................................... ~ 1s
  2026-09-16 14:56:02 ........................................................................................... ~ 1s
  2026-09-16 14:56:02 ........................................................................................... ~ 1s
  2026-09-16 14:56:03 ........................................................................................... ~ 1s
  2026-09-16 14:56:04 ........................................................................................... ~ 0s
  2026-09-16 14:56:04 ........................................................................................... ~ 1s
  2026-09-16 14:56:59 ........................................................................................... ~ 0s
  2026-09-16 14:56:59 ........................................................................................... ~ 1s
  2026-09-16 14:57:03 ........................................................................................... ~ 1s
  2026-09-16 14:57:04 ........................................................................................... ~ 1s
  2026-09-16 14:57:04 ........................................................................................... ~ 1s
  2026-09-16 14:57:05 ........................................................................................... ~ 1s
  2026-09-16 14:57:05 ........................................................................................... ~ 1s
  2026-09-16 14:57:06 ........................................................................................... ~ 1s
  2026-09-16 14:57:06 ........................................................................................... ~ 2s
  2026-09-16 14:57:07 ........................................................................................... ~ 2s
  2026-09-16 14:57:08 ........................................................................................... ~ 2s
  2026-09-16 14:57:10 ........................................................................................... ~ 0s
  2026-09-16 14:57:10 ........................................................................................... ~ 1s
  2026-09-16 14:57:11 ........................................................................................... ~ 1s
  2026-09-16 14:57:30 ........................................................................................... ~ 1s
  2026-09-16 14:57:31 ........................................................................................... ~ 1s
  2026-09-16 14:57:31 ........................................................................................... ~ 1s
  2026-09-16 14:57:32 ........................................................................................... ~ 1s
  2026-09-16 14:57:32 ........................................................................................... ~ 1s
  2026-09-16 14:57:33 ........................................................................................... ~ 1s
  2026-09-16 14:57:33 ........................................................................................... ~ 2s
  2026-09-16 14:57:34 ........................................................................................... ~ 2s
  2026-09-16 14:57:35 ........................................................................................... ~ 2s
  2026-09-16 14:57:36 ........................................................................................... ~ 2s
  2026-09-16 14:57:37 ........................................................................................... ~ 1s
  2026-09-16 14:57:38 ........................................................................................... ~ 1s
  2026-09-16 14:57:38 ........................................................................................... ~ 1s
  2026-09-16 14:57:39 ........................................................................................... ~ 1s
  2026-09-16 14:57:39 ........................................................................................... ~ 2s
  2026-09-16 14:57:40 ........................................................................................... ~ 1s
  2026-09-16 14:57:41 ........................................................................................... ~ 1s
  2026-09-16 14:57:41 ........................................................................................... ~ 2s
  2026-09-16 14:57:42 ........................................................................................... ~ 1s
  2026-09-16 14:57:43 ........................................................................................... ~ 1s
  2026-09-16 14:57:44 ........................................................................................... ~ 1s
  2026-09-16 14:58:08 ........................................................................................... ~ 0s
  2026-09-16 14:58:08 ........................................................................................... ~ 1s
  2026-09-16 14:58:08 ........................................................................................... ~ 1s
  2026-09-16 14:58:09 ........................................................................................... ~ 1s
  2026-09-16 14:58:09 ........................................................................................... ~ 2s
  2026-09-16 14:58:10 ........................................................................................... ~ 1s
  2026-09-16 14:58:11 ........................................................................................... ~ 1s
  2026-09-16 14:58:11 ........................................................................................... ~ 1s
  2026-09-16 14:58:12 ........................................................................................... ~ 1s
  2026-09-16 14:58:12 ........................................................................................... ~ 1s
  2026-09-16 14:58:13 ........................................................................................... ~ 1s
  2026-09-16 14:58:14 ........................................................................................... ~ 0s
  2026-09-16 14:59:08 ........................................................................................... ~ 0s
  2026-09-16 14:59:08 ........................................................................................... ~ 1s
  2026-09-16 15:00:08 ........................................................................................... ~ 0s
  2026-09-16 15:00:08 ........................................................................................... ~ 1s
  2026-09-16 15:01:08 ........................................................................................... ~ 1s
  2026-09-16 15:01:09 ........................................................................................... ~ 0s
  2026-09-16 15:01:21 ........................................................................................... ~ 0s
  2026-09-16 15:01:21 ........................................................................................... ~ 1s
  2026-09-16 15:01:21 ........................................................................................... ~ 1s
  2026-09-16 15:01:22 ........................................................................................... ~ 1s
  2026-09-16 15:01:22 ........................................................................................... ~ 1s
  2026-09-16 15:01:23 ........................................................................................... ~ 1s
  2026-09-16 15:01:23 ........................................................................................... ~ 1s
  2026-09-16 15:01:24 ........................................................................................... ~ 0s
  2026-09-16 15:01:24 ........................................................................................... ~ 1s
  2026-09-16 15:01:24 ........................................................................................... ~ 2s
  2026-09-16 15:01:26 ........................................................................................... ~ 0s
  2026-09-16 15:01:26 ........................................................................................... ~ 1s
  2026-09-16 15:02:21 ........................................................................................... ~ 0s
  2026-09-16 15:02:21 ........................................................................................... ~ 1s
  2026-09-16 15:03:21 ........................................................................................... ~ 1s
  2026-09-16 15:03:22 ........................................................................................... ~ 0s
  2026-09-16 15:04:21 ........................................................................................... ~ 0s
  2026-09-16 15:04:21 ........................................................................................... ~ 1s
  2026-09-16 15:05:21 ........................................................................................... ~ 1s
  2026-09-16 15:05:22 ........................................................................................... ~ 1s
  2026-09-16 15:05:45 ........................................................................................... ~ 1s
  2026-09-16 15:05:46 ........................................................................................... ~ 0s
  2026-09-16 15:05:46 ........................................................................................... ~ 0s
  2026-09-16 15:05:46 ........................................................................................... ~ 1s
  2026-09-16 15:05:46 ........................................................................................... ~ 1s
  2026-09-16 15:05:47 ........................................................................................... ~ 1s
  2026-09-16 15:05:47 ........................................................................................... ~ 1s
  2026-09-16 15:05:48 ........................................................................................... ~ 1s
  2026-09-16 15:05:48 ........................................................................................... ~ 1s
  2026-09-16 15:05:49 ........................................................................................... ~ 0s
  2026-09-16 15:05:49 ........................................................................................... ~ 1s
  2026-09-16 15:05:50 ........................................................................................... ~ 0s
  2026-09-16 15:06:45 ........................................................................................... ~ 1s
  2026-09-16 15:06:46 ........................................................................................... ~ 1s
  2026-09-16 15:07:45 ........................................................................................... ~ 1s
  2026-09-16 15:07:46 ........................................................................................... ~ 0s
  2026-09-16 15:07:58 ........................................................................................... ~ 1s
  2026-09-16 15:07:59 ........................................................................................... ~ 0s
  2026-09-16 15:07:59 ........................................................................................... ~ 1s
  2026-09-16 15:07:59 ........................................................................................... ~ 1s
  2026-09-16 15:08:00 ........................................................................................... ~ 1s
  2026-09-16 15:08:00 ........................................................................................... ~ 1s
  2026-09-16 15:08:01 ........................................................................................... ~ 1s
  2026-09-16 15:08:01 ........................................................................................... ~ 1s
  2026-09-16 15:08:02 ........................................................................................... ~ 1s
  2026-09-16 15:08:02 ........................................................................................... ~ 1s
  2026-09-16 15:08:03 ........................................................................................... ~ 1s
  2026-09-16 15:08:04 ........................................................................................... ~ 0s
  2026-09-16 15:08:58 ........................................................................................... ~ 1s
  2026-09-16 15:08:59 ........................................................................................... ~ 1s
  2026-09-16 15:09:58 ........................................................................................... ~ 1s
  2026-09-16 15:09:59 ........................................................................................... ~ 0s
  2026-09-16 15:10:31 ........................................................................................... ~ 1s
  2026-09-16 15:10:32 ........................................................................................... ~ 0s
  2026-09-16 15:10:32 ........................................................................................... ~ 1s
  2026-09-16 15:10:32 ........................................................................................... ~ 1s
  2026-09-16 15:10:33 ........................................................................................... ~ 1s
  2026-09-16 15:10:33 ........................................................................................... ~ 1s
  2026-09-16 15:10:34 ........................................................................................... ~ 1s
  2026-09-16 15:10:34 ........................................................................................... ~ 1s
  2026-09-16 15:10:35 ........................................................................................... ~ 1s
  2026-09-16 15:10:35 ........................................................................................... ~ 1s
  2026-09-16 15:10:36 ........................................................................................... ~ 1s
  2026-09-16 15:10:37 ........................................................................................... ~ 0s
  2026-09-16 15:11:08 ........................................................................................... ~ 1s
  2026-09-16 15:11:09 ........................................................................................... ~ 0s
  2026-09-16 15:11:09 ........................................................................................... ~ 1s
  2026-09-16 15:11:09 ........................................................................................... ~ 1s
  2026-09-16 15:11:10 ........................................................................................... ~ 0s
  2026-09-16 15:11:10 ........................................................................................... ~ 1s
  2026-09-16 15:11:10 ........................................................................................... ~ 2s
  2026-09-16 15:11:11 ........................................................................................... ~ 1s
  2026-09-16 15:11:12 ........................................................................................... ~ 1s
  2026-09-16 15:11:12 ........................................................................................... ~ 1s
  2026-09-16 15:11:13 ........................................................................................... ~ 1s
  2026-09-16 15:11:14 ........................................................................................... ~ 1s
  2026-09-16 15:12:05 ........................................................................................... ~ 1s
  2026-09-16 15:12:06 ........................................................................................... ~ 1s
  2026-09-16 15:12:06 ........................................................................................... ~ 1s
  2026-09-16 15:12:07 ........................................................................................... ~ 1s
  2026-09-16 15:12:07 ........................................................................................... ~ 1s
  2026-09-16 15:12:08 ........................................................................................... ~ 0s
  2026-09-16 15:12:08 ........................................................................................... ~ 1s
  2026-09-16 15:12:08 ........................................................................................... ~ 2s
  2026-09-16 15:12:09 ........................................................................................... ~ 1s
  2026-09-16 15:12:10 ........................................................................................... ~ 1s
  2026-09-16 15:12:11 ........................................................................................... ~ 0s
  2026-09-16 15:12:11 ........................................................................................... ~ 1s
  2026-09-16 15:12:21 ........................................................................................... ~ 1s
  2026-09-16 15:12:22 ........................................................................................... ~ 0s
  2026-09-16 15:12:22 ........................................................................................... ~ 1s
  2026-09-16 15:12:22 ........................................................................................... ~ 2s
  2026-09-16 15:12:23 ........................................................................................... ~ 1s
  2026-09-16 15:12:24 ........................................................................................... ~ 0s
  2026-09-16 15:12:24 ........................................................................................... ~ 1s
  2026-09-16 15:12:24 ........................................................................................... ~ 1s
  2026-09-16 15:12:25 ........................................................................................... ~ 1s
  2026-09-16 15:12:25 ........................................................................................... ~ 1s
  2026-09-16 15:12:26 ........................................................................................... ~ 1s
  2026-09-16 15:12:27 ........................................................................................... ~ 0s
  2026-09-16 15:13:22 ........................................................................................... ~ 0s
  2026-09-16 15:13:22 ........................................................................................... ~ 0s
  2026-09-16 15:13:36 ........................................................................................... ~ 1s
  2026-09-16 15:13:37 ........................................................................................... ~ 1s
  2026-09-16 15:13:37 ........................................................................................... ~ 1s
  2026-09-16 15:13:38 ........................................................................................... ~ 1s
  2026-09-16 15:13:38 ........................................................................................... ~ 2s
  2026-09-16 15:13:39 ........................................................................................... ~ 2s
  2026-09-16 15:13:40 ........................................................................................... ~ 1s
  2026-09-16 15:13:41 ........................................................................................... ~ 1s
  2026-09-16 15:13:41 ........................................................................................... ~ 2s
  2026-09-16 15:13:42 ........................................................................................... ~ 2s
  2026-09-16 15:13:44 ........................................................................................... ~ 0s
  2026-09-16 15:13:44 ........................................................................................... ~ 1s
  2026-09-16 15:13:49 ........................................................................................... ~ 1s
  2026-09-16 15:13:50 ........................................................................................... ~ 0s
  2026-09-16 15:13:50 ........................................................................................... ~ 1s
  2026-09-16 15:13:50 ........................................................................................... ~ 1s
  2026-09-16 15:13:51 ........................................................................................... ~ 0s
  2026-09-16 15:13:51 ........................................................................................... ~ 1s
  2026-09-16 15:13:51 ........................................................................................... ~ 1s
  2026-09-16 15:13:52 ........................................................................................... ~ 1s
  2026-09-16 15:13:52 ........................................................................................... ~ 1s
  2026-09-16 15:13:53 ........................................................................................... ~ 1s
  2026-09-16 15:13:54 ........................................................................................... ~ 0s
  2026-09-16 15:13:54 ........................................................................................... ~ 1s
  2026-09-16 15:14:49 ........................................................................................... ~ 1s
  2026-09-16 15:14:50 ........................................................................................... ~ 0s
  2026-09-16 15:15:50 ........................................................................................... ~ 0s
  2026-09-16 15:15:50 ........................................................................................... ~ 1s
  2026-09-16 15:16:50 ........................................................................................... ~ 0s
  2026-09-16 15:16:50 ........................................................................................... ~ 1s
  2026-09-16 15:17:50 ........................................................................................... ~ 0s
  2026-09-16 15:17:50 ........................................................................................... ~ 1s
  2026-09-16 15:18:50 ........................................................................................... ~ 0s
  2026-09-16 15:18:50 ........................................................................................... ~ 1s
  2026-09-16 15:19:15 ........................................................................................... ~ 1s
  2026-09-16 15:19:16 ........................................................................................... ~ 0s
  2026-09-16 15:19:16 ........................................................................................... ~ 0s
  2026-09-16 15:19:16 ........................................................................................... ~ 1s
  2026-09-16 15:19:16 ........................................................................................... ~ 1s
  2026-09-16 15:19:17 ........................................................................................... ~ 1s
  2026-09-16 15:19:17 ........................................................................................... ~ 1s
  2026-09-16 15:19:18 ........................................................................................... ~ 1s
  2026-09-16 15:19:18 ........................................................................................... ~ 1s
  2026-09-16 15:19:19 ........................................................................................... ~ 1s
  2026-09-16 15:19:20 ........................................................................................... ~ 0s
  2026-09-16 15:19:20 ........................................................................................... ~ 1s
  2026-09-16 15:20:16 ........................................................................................... ~ 0s
  2026-09-16 15:20:16 ........................................................................................... ~ 1s
  2026-09-16 15:21:16 ........................................................................................... ~ 0s
  2026-09-16 15:21:16 ........................................................................................... ~ 1s
  2026-09-16 15:22:16 ........................................................................................... ~ 0s
  2026-09-16 15:22:16 ........................................................................................... ~ 1s
  2026-09-16 15:23:16 ........................................................................................... ~ 0s
  2026-09-16 15:23:16 ........................................................................................... ~ 1s
  2026-09-16 15:24:16 ........................................................................................... ~ 0s
  2026-09-16 15:24:16 ........................................................................................... ~ 1s
  2026-09-16 15:25:17 ........................................................................................... ~ 0s
  2026-09-16 15:25:17 ........................................................................................... ~ 1s
  2026-09-16 15:26:18 ........................................................................................... ~ 0s
  2026-09-16 15:26:18 ........................................................................................... ~ 1s
  2026-09-16 15:27:19 ........................................................................................... ~ 0s
  2026-09-16 15:27:19 ........................................................................................... ~ 1s
  2026-09-16 15:28:20 ........................................................................................... ~ 0s
  2026-09-16 15:28:20 ........................................................................................... ~ 1s
  2026-09-16 15:29:21 ........................................................................................... ~ 0s
  2026-09-16 15:29:21 ........................................................................................... ~ 1s
  2026-09-16 15:30:22 ........................................................................................... ~ 0s
  2026-09-16 15:30:22 ........................................................................................... ~ 1s
  2026-09-16 15:31:22 ........................................................................................... ~ 0s
  2026-09-16 15:31:22 ........................................................................................... ~ 1s
  2026-09-16 15:32:22 ........................................................................................... ~ 0s
  2026-09-16 15:32:22 ........................................................................................... ~ 1s
  2026-09-16 15:33:22 ........................................................................................... ~ 0s
  2026-09-16 15:33:22 ........................................................................................... ~ 1s
  2026-09-16 15:34:22 ........................................................................................... ~ 0s
  2026-09-16 15:34:22 ........................................................................................... ~ 1s
  2026-09-16 15:35:22 ........................................................................................... ~ 0s
  2026-09-16 15:35:22 ........................................................................................... ~ 1s
  2026-09-16 15:36:22 ........................................................................................... ~ 0s
  2026-09-16 15:36:22 ........................................................................................... ~ 1s
  2026-09-16 15:37:22 ........................................................................................... ~ 0s
  2026-09-16 15:37:22 ........................................................................................... ~ 1s
  2026-09-16 15:38:04 ........................................................................................... ~ 0s
  2026-09-16 15:38:04 ........................................................................................... ~ 1s
  2026-09-16 15:38:08 ........................................................................................... ~ 1s
  2026-09-16 15:38:09 ........................................................................................... ~ 1s
  2026-09-16 16:03:22 ........................................................................................... ~ 1s
  2026-09-16 16:03:23 ........................................................................................... ~ 1s
  2026-09-16 16:06:33 ........................................................................................... ~ 0s
  2026-09-16 16:06:33 ........................................................................................... ~ 1s
  2026-09-16 16:06:35 ........................................................................................... ~ 0s
  2026-09-16 16:06:35 ........................................................................................... ~ 1s
  2026-09-16 16:06:46 ........................................................................................... ~ 1s
  2026-09-16 16:06:47 ........................................................................................... ~ 0s
  2026-09-16 16:06:48 ........................................................................................... ~ 0s
  2026-09-16 16:06:48 ........................................................................................... ~ 1s
  2026-09-16 16:06:56 ........................................................................................... ~ 1s
  2026-09-16 16:06:57 ........................................................................................... ~ 0s
  2026-09-16 16:06:58 ........................................................................................... ~ 0s
  2026-09-16 16:06:58 ........................................................................................... ~ 1s
  2026-09-16 16:06:59 ........................................................................................... ~ 1s
  2026-09-16 16:06:59 ........................................................................................... ~ 2s
  2026-09-16 16:07:00 ........................................................................................... ~ 1s
  2026-09-16 16:07:01 ........................................................................................... ~ 1s
  2026-09-16 16:07:01 ........................................................................................... ~ 2s
  2026-09-16 16:07:02 ........................................................................................... ~ 1s
  2026-09-16 16:07:03 ........................................................................................... ~ 1s
  2026-09-16 16:07:03 ........................................................................................... ~ 1s
  2026-09-16 16:07:04 ........................................................................................... ~ 1s
  2026-09-16 16:07:04 ........................................................................................... ~ 1s
  2026-09-16 16:07:05 ........................................................................................... ~ 1s
  2026-09-16 16:07:05 ........................................................................................... ~ 1s
  2026-09-16 16:07:06 ........................................................................................... ~ 1s
  2026-09-16 16:07:06 ........................................................................................... ~ 1s
  2026-09-16 16:07:07 ........................................................................................... ~ 1s
  2026-09-16 16:07:08 ........................................................................................... ~ 0s
  2026-09-16 16:07:08 ........................................................................................... ~ 1s
  2026-09-16 16:08:01 ........................................................................................... ~ 1s
  2026-09-16 16:08:02 ........................................................................................... ~ 0s
  2026-09-16 16:09:01 ........................................................................................... ~ 1s
  2026-09-16 16:09:02 ........................................................................................... ~ 0s
  2026-09-16 16:09:13 ........................................................................................... ~ 0s
  2026-09-16 16:09:13 ........................................................................................... ~ 1s
  2026-09-16 16:10:01 ........................................................................................... ~ 1s
  2026-09-16 16:10:02 ........................................................................................... ~ 0s
  2026-09-16 16:11:01 ........................................................................................... ~ 1s
  2026-09-16 16:11:02 ........................................................................................... ~ 0s
  2026-09-16 16:12:01 ........................................................................................... ~ 1s
  2026-09-16 16:12:02 ........................................................................................... ~ 0s
  2026-09-16 16:13:01 ........................................................................................... ~ 1s
  2026-09-16 16:13:02 ........................................................................................... ~ 0s
  2026-09-16 16:14:01 ........................................................................................... ~ 1s
  2026-09-16 16:14:02 ........................................................................................... ~ 0s
  2026-09-16 16:15:01 ........................................................................................... ~ 1s
  2026-09-16 16:15:02 ........................................................................................... ~ 0s
  2026-09-16 16:16:01 ........................................................................................... ~ 1s
  2026-09-16 16:16:02 ........................................................................................... ~ 0s
  2026-09-16 16:17:02 ........................................................................................... ~ 0s
  2026-09-16 16:17:02 ........................................................................................... ~ 1s
  2026-09-16 16:18:22 ........................................................................................... ~ 0s
  2026-09-16 16:18:22 ........................................................................................... ~ 1s
  2026-09-16 16:19:22 ........................................................................................... ~ 0s
  2026-09-16 16:19:22 ........................................................................................... ~ 1s
  2026-09-16 16:20:22 ........................................................................................... ~ 0s
  2026-09-16 16:20:22 ........................................................................................... ~ 1s
  2026-09-16 16:21:22 ........................................................................................... ~ 0s
  2026-09-16 16:21:22 ........................................................................................... ~ 1s
  2026-09-16 16:22:22 ........................................................................................... ~ 0s
  2026-09-16 16:22:22 ........................................................................................... ~ 1s
  2026-09-16 16:23:22 ........................................................................................... ~ 0s
  2026-09-16 16:23:22 ........................................................................................... ~ 1s
  2026-09-16 16:24:22 ........................................................................................... ~ 0s
  2026-09-16 16:24:22 ........................................................................................... ~ 1s
  2026-09-16 16:25:22 ........................................................................................... ~ 0s
  2026-09-16 16:25:22 ........................................................................................... ~ 1s
  2026-09-16 16:26:22 ........................................................................................... ~ 0s
  2026-09-16 16:26:22 ........................................................................................... ~ 1s
  2026-09-16 16:27:01 ........................................................................................... ~ 1s
  2026-09-16 16:27:02 ........................................................................................... ~ 0s
  2026-09-16 16:28:01 ........................................................................................... ~ 1s
  2026-09-16 16:28:02 ........................................................................................... ~ 0s
  2026-09-16 16:29:01 ........................................................................................... ~ 1s
  2026-09-16 16:29:02 ........................................................................................... ~ 1s
  2026-09-16 16:30:01 ........................................................................................... ~ 1s
  2026-09-16 16:30:02 ........................................................................................... ~ 0s
  2026-09-16 16:31:01 ........................................................................................... ~ 1s
  2026-09-16 16:31:02 ........................................................................................... ~ 1s
  2026-09-16 16:32:01 ........................................................................................... ~ 4s
  2026-09-16 16:32:02 ........................................................................................... ~ 4s
  2026-09-16 16:32:42 ........................................................................................... ~ 1s
  2026-09-16 16:32:43 ........................................................................................... ~ 1s
  2026-09-16 16:32:43 ........................................................................................... ~ 2s
  2026-09-16 16:32:44 ........................................................................................... ~ 2s
  2026-09-16 16:32:45 ........................................................................................... ~ 1s
  2026-09-16 16:32:47 ........................................................................................... ~ 1s
  2026-09-16 16:32:48 ........................................................................................... ~ 0s
  2026-09-16 16:32:49 ........................................................................................... ~ 0s
  2026-09-16 16:32:49 .......................................................................................... ~ 34s
  2026-09-16 16:33:23 ........................................................................................... ~ 2s
  2026-09-16 16:33:25 ........................................................................................... ~ 1s
  2026-09-16 16:33:26 ........................................................................................... ~ 2s
  2026-09-16 16:33:26 ........................................................................................... ~ 2s
  2026-09-16 16:33:28 ........................................................................................... ~ 1s
  2026-09-16 16:33:28 ........................................................................................... ~ 1s
  2026-09-16 16:33:29 ........................................................................................... ~ 1s
  2026-09-16 16:33:29 ........................................................................................... ~ 1s
  2026-09-16 16:33:30 ........................................................................................... ~ 2s
  2026-09-16 16:33:30 ........................................................................................... ~ 3s
  2026-09-16 16:33:32 ........................................................................................... ~ 1s
  2026-09-16 16:33:33 ........................................................................................... ~ 1s
  2026-09-16 16:33:34 ........................................................................................... ~ 2s
  2026-09-16 16:33:36 ........................................................................................... ~ 1s
  2026-09-16 16:33:37 ........................................................................................... ~ 1s
  2026-09-16 16:34:06 ........................................................................................... ~ 1s
  2026-09-16 16:34:07 ........................................................................................... ~ 2s
  2026-09-16 16:35:22 ........................................................................................... ~ 0s
  2026-09-16 16:35:22 ........................................................................................... ~ 1s
  2026-09-16 16:35:35 ........................................................................................... ~ 1s
  2026-09-16 16:35:36 ........................................................................................... ~ 0s
  2026-09-16 16:35:37 ........................................................................................... ~ 0s
  2026-09-16 16:35:37 ........................................................................................... ~ 1s
  2026-09-16 16:35:51 ........................................................................................... ~ 1s
  2026-09-16 16:35:52 ........................................................................................... ~ 0s
  2026-09-16 16:35:53 ........................................................................................... ~ 0s
  2026-09-16 16:35:53 ........................................................................................... ~ 1s
  2026-09-16 16:36:00 ........................................................................................... ~ 1s
  2026-09-16 16:36:01 ........................................................................................... ~ 0s
  2026-09-16 16:36:01 ........................................................................................... ~ 1s
  2026-09-16 16:36:02 ........................................................................................... ~ 1s
  2026-09-16 16:36:03 ........................................................................................... ~ 0s
  2026-09-16 16:36:03 ........................................................................................... ~ 1s
  2026-09-16 16:36:03 ........................................................................................... ~ 2s
  2026-09-16 16:36:04 ........................................................................................... ~ 1s
  2026-09-16 16:36:05 ........................................................................................... ~ 0s
  2026-09-16 16:36:05 ........................................................................................... ~ 1s
  2026-09-16 16:36:05 ........................................................................................... ~ 1s
  2026-09-16 16:36:06 ........................................................................................... ~ 1s
  2026-09-16 16:36:06 ........................................................................................... ~ 1s
  2026-09-16 16:36:07 ........................................................................................... ~ 1s
  2026-09-16 16:36:07 ........................................................................................... ~ 1s
  2026-09-16 16:36:08 ........................................................................................... ~ 1s
  2026-09-16 16:36:08 ........................................................................................... ~ 2s
  2026-09-16 16:36:10 ........................................................................................... ~ 0s
  2026-09-16 16:36:10 ........................................................................................... ~ 1s
  2026-09-16 16:37:01 ........................................................................................... ~ 1s
  2026-09-16 16:37:02 ........................................................................................... ~ 0s
  2026-09-16 16:37:05 ........................................................................................... ~ 0s
  2026-09-16 16:37:05 ........................................................................................... ~ 1s
  2026-09-16 16:37:07 ........................................................................................... ~ 1s
  2026-09-16 16:37:08 ........................................................................................... ~ 0s
  2026-09-16 16:38:05 ........................................................................................... ~ 0s
  2026-09-16 16:38:05 ........................................................................................... ~ 1s
  2026-09-16 16:39:05 ........................................................................................... ~ 1s
  2026-09-16 16:39:06 ........................................................................................... ~ 0s
  2026-09-16 16:40:03 ........................................................................................... ~ 1s
  2026-09-16 16:40:04 ........................................................................................... ~ 1s
  2026-09-16 16:40:04 ........................................................................................... ~ 2s
  2026-09-16 16:40:05 ........................................................................................... ~ 1s
  2026-09-16 16:40:06 ........................................................................................... ~ 1s
  2026-09-16 16:40:06 ........................................................................................... ~ 1s
  2026-09-16 16:40:07 ........................................................................................... ~ 1s
  2026-09-16 16:40:07 ........................................................................................... ~ 1s
  2026-09-16 16:40:08 ........................................................................................... ~ 1s
  2026-09-16 16:40:08 ........................................................................................... ~ 2s
  2026-09-16 16:40:10 ........................................................................................... ~ 0s
  2026-09-16 16:40:10 ........................................................................................... ~ 1s
  2026-09-16 16:40:10 ........................................................................................... ~ 1s
  2026-09-16 16:40:11 ........................................................................................... ~ 1s
  2026-09-16 16:40:27 ........................................................................................... ~ 1s
  2026-09-16 16:40:28 ........................................................................................... ~ 0s
  2026-09-16 16:40:55 ........................................................................................... ~ 0s
  2026-09-16 16:40:55 ........................................................................................... ~ 1s
  2026-09-16 16:40:55 ........................................................................................... ~ 2s
  2026-09-16 16:40:56 ........................................................................................... ~ 2s
  2026-09-16 16:40:57 ........................................................................................... ~ 1s
  2026-09-16 16:40:58 ........................................................................................... ~ 1s
  2026-09-16 16:40:58 ........................................................................................... ~ 2s
  2026-09-16 16:40:59 ........................................................................................... ~ 3s
  2026-09-16 16:41:00 ........................................................................................... ~ 2s
  2026-09-16 16:41:02 ........................................................................................... ~ 1s
  2026-09-16 16:41:03 ........................................................................................... ~ 1s
  2026-09-16 16:41:04 ........................................................................................... ~ 0s
  2026-09-16 16:41:34 ........................................................................................... ~ 1s
  2026-09-16 16:41:35 ........................................................................................... ~ 1s
  2026-09-16 16:41:35 ........................................................................................... ~ 1s
  2026-09-16 16:41:36 ........................................................................................... ~ 1s
  2026-09-16 16:41:36 ........................................................................................... ~ 2s
  2026-09-16 16:41:37 ........................................................................................... ~ 1s
  2026-09-16 16:41:38 ........................................................................................... ~ 1s
  2026-09-16 16:41:38 ........................................................................................... ~ 2s
  2026-09-16 16:41:39 ........................................................................................... ~ 2s
  2026-09-16 16:41:40 ........................................................................................... ~ 1s
  2026-09-16 16:41:41 ........................................................................................... ~ 1s
  2026-09-16 16:41:42 ........................................................................................... ~ 1s
  2026-09-16 16:42:35 ........................................................................................... ~ 0s
  2026-09-16 16:42:35 ........................................................................................... ~ 1s
  2026-09-16 16:42:40 ........................................................................................... ~ 1s
  2026-09-16 16:42:41 ........................................................................................... ~ 0s
  2026-09-16 16:42:41 ........................................................................................... ~ 0s
  2026-09-16 16:42:41 ........................................................................................... ~ 1s
  2026-09-16 16:42:41 ........................................................................................... ~ 1s
  2026-09-16 16:42:42 ........................................................................................... ~ 1s
  2026-09-16 16:42:42 ........................................................................................... ~ 2s
  2026-09-16 16:42:43 ........................................................................................... ~ 2s
  2026-09-16 16:42:44 ........................................................................................... ~ 2s
  2026-09-16 16:42:45 ........................................................................................... ~ 1s
  2026-09-16 16:42:46 ........................................................................................... ~ 1s
  2026-09-16 16:42:47 ........................................................................................... ~ 1s
  2026-09-16 16:43:40 ........................................................................................... ~ 1s
  2026-09-16 16:43:41 ........................................................................................... ~ 0s
  2026-09-16 16:44:04 ........................................................................................... ~ 0s
  2026-09-16 16:44:04 ........................................................................................... ~ 1s
  2026-09-16 16:44:05 ........................................................................................... ~ 1s
  2026-09-16 16:44:06 ........................................................................................... ~ 1s
  2026-09-16 16:44:40 ........................................................................................... ~ 1s
  2026-09-16 16:44:41 ........................................................................................... ~ 0s
  2026-09-16 16:45:40 ........................................................................................... ~ 1s
  2026-09-16 16:45:41 ........................................................................................... ~ 1s
  2026-09-16 16:46:40 ........................................................................................... ~ 1s
  2026-09-16 16:46:41 ........................................................................................... ~ 0s
  2026-09-16 16:47:40 ........................................................................................... ~ 1s
  2026-09-16 16:47:41 ........................................................................................... ~ 0s
  2026-09-16 16:48:40 ........................................................................................... ~ 1s
  2026-09-16 16:48:41 ........................................................................................... ~ 0s
  2026-09-16 16:49:40 ........................................................................................... ~ 1s
  2026-09-16 16:49:41 ........................................................................................... ~ 0s
  2026-09-16 16:50:40 ........................................................................................... ~ 1s
  2026-09-16 16:50:41 ........................................................................................... ~ 0s
  2026-09-16 16:51:40 ........................................................................................... ~ 1s
  2026-09-16 16:51:41 ........................................................................................... ~ 0s
  2026-09-16 16:52:40 ........................................................................................... ~ 1s
  2026-09-16 16:52:41 ........................................................................................... ~ 0s
  2026-09-16 16:53:40 ........................................................................................... ~ 1s
  2026-09-16 16:53:41 ........................................................................................... ~ 0s
  2026-09-16 16:54:40 ........................................................................................... ~ 1s
  2026-09-16 16:54:41 ........................................................................................... ~ 0s
  2026-09-16 16:55:40 ........................................................................................... ~ 1s
  2026-09-16 16:55:41 ........................................................................................... ~ 0s
  2026-09-16 16:56:40 ........................................................................................... ~ 1s
  2026-09-16 16:56:41 ........................................................................................... ~ 0s
  2026-09-16 16:57:40 ........................................................................................... ~ 1s
  2026-09-16 16:57:41 ........................................................................................... ~ 0s
  2026-09-16 16:58:41 ........................................................................................... ~ 0s
  2026-09-16 16:58:41 ........................................................................................... ~ 1s
  2026-09-16 16:59:42 ........................................................................................... ~ 0s
  2026-09-16 16:59:42 ........................................................................................... ~ 1s
  2026-09-16 17:00:43 ........................................................................................... ~ 0s
  2026-09-16 17:00:43 ........................................................................................... ~ 1s
  2026-09-16 17:01:44 ........................................................................................... ~ 0s
  2026-09-16 17:01:44 ........................................................................................... ~ 1s
  2026-09-16 17:02:45 ........................................................................................... ~ 0s
  2026-09-16 17:02:45 ........................................................................................... ~ 1s
  2026-09-16 17:03:48 ........................................................................................... ~ 0s
  2026-09-16 17:03:48 ........................................................................................... ~ 1s
  2026-09-16 17:04:40 ........................................................................................... ~ 1s
  2026-09-16 17:04:41 ........................................................................................... ~ 0s
  2026-09-16 17:05:40 ........................................................................................... ~ 1s
  2026-09-16 17:05:41 ........................................................................................... ~ 0s
  2026-09-16 17:06:40 ........................................................................................... ~ 1s
  2026-09-16 17:06:41 ........................................................................................... ~ 1s
  2026-09-16 17:07:41 ........................................................................................... ~ 1s
  2026-09-16 17:07:42 ........................................................................................... ~ 0s
  2026-09-16 17:08:16 ........................................................................................... ~ 1s
  2026-09-16 17:08:17 ........................................................................................... ~ 0s
  2026-09-16 17:08:17 ........................................................................................... ~ 1s
  2026-09-16 17:08:17 ........................................................................................... ~ 1s
  2026-09-16 17:08:18 ........................................................................................... ~ 1s
  2026-09-16 17:08:18 ........................................................................................... ~ 2s
  2026-09-16 17:08:19 ........................................................................................... ~ 2s
  2026-09-16 17:08:20 ........................................................................................... ~ 2s
  2026-09-16 17:08:21 ........................................................................................... ~ 1s
  2026-09-16 17:08:22 ........................................................................................... ~ 1s
  2026-09-16 17:08:23 ........................................................................................... ~ 0s
  2026-09-16 17:08:23 ........................................................................................... ~ 1s
  2026-09-16 17:09:16 ........................................................................................... ~ 1s
  2026-09-16 17:09:17 ........................................................................................... ~ 0s
  2026-09-16 17:10:17 ........................................................................................... ~ 0s
  2026-09-16 17:10:17 ........................................................................................... ~ 1s
  2026-09-16 17:11:17 ........................................................................................... ~ 1s
  2026-09-16 17:11:18 ........................................................................................... ~ 0s
  2026-09-16 17:12:11 ........................................................................................... ~ 1s
  2026-09-16 17:12:12 ........................................................................................... ~ 1s
  2026-09-16 17:12:12 ........................................................................................... ~ 1s
  2026-09-16 17:12:13 ........................................................................................... ~ 1s
  2026-09-16 17:12:13 ........................................................................................... ~ 1s
  2026-09-16 17:12:14 ........................................................................................... ~ 1s
  2026-09-16 17:12:14 ........................................................................................... ~ 2s
  2026-09-16 17:12:15 ........................................................................................... ~ 1s
  2026-09-16 17:12:16 ........................................................................................... ~ 1s
  2026-09-16 17:12:16 ........................................................................................... ~ 1s
  2026-09-16 17:12:17 ........................................................................................... ~ 1s
  2026-09-16 17:12:18 ........................................................................................... ~ 0s
  2026-09-16 17:13:12 ........................................................................................... ~ 0s
  2026-09-16 17:13:12 ........................................................................................... ~ 1s
  2026-09-16 17:14:12 ........................................................................................... ~ 0s
  2026-09-16 17:14:12 ........................................................................................... ~ 1s
  2026-09-16 17:15:12 ........................................................................................... ~ 0s
  2026-09-16 17:15:12 ........................................................................................... ~ 1s
  2026-09-16 17:16:12 ........................................................................................... ~ 0s
  2026-09-16 17:16:12 ........................................................................................... ~ 1s
  2026-09-16 17:17:12 ........................................................................................... ~ 0s
  2026-09-16 17:17:12 ........................................................................................... ~ 1s
  2026-09-16 17:18:12 ........................................................................................... ~ 0s
  2026-09-16 17:18:12 ........................................................................................... ~ 0s
  2026-09-16 17:19:12 ........................................................................................... ~ 0s
  2026-09-16 17:19:12 ........................................................................................... ~ 0s
  2026-09-16 17:20:12 ........................................................................................... ~ 0s
  2026-09-16 17:20:12 ........................................................................................... ~ 1s
  2026-09-16 17:21:12 ........................................................................................... ~ 0s
  2026-09-16 17:21:12 ........................................................................................... ~ 2s
  2026-09-16 17:22:12 ........................................................................................... ~ 0s
  2026-09-16 17:22:12 ........................................................................................... ~ 1s
  2026-09-16 17:23:12 ........................................................................................... ~ 0s
  2026-09-16 17:23:12 ........................................................................................... ~ 1s
  2026-09-16 17:24:12 ........................................................................................... ~ 0s
  2026-09-16 17:24:12 ........................................................................................... ~ 1s
  2026-09-16 17:25:13 ........................................................................................... ~ 0s
  2026-09-16 17:25:13 ........................................................................................... ~ 1s
  2026-09-16 17:26:14 ........................................................................................... ~ 0s
  2026-09-16 17:26:14 ........................................................................................... ~ 1s
  2026-09-16 17:27:15 ........................................................................................... ~ 0s
  2026-09-16 17:27:15 ........................................................................................... ~ 1s
  2026-09-16 17:28:16 ........................................................................................... ~ 0s
  2026-09-16 17:28:16 ........................................................................................... ~ 1s
  2026-09-16 17:29:17 ........................................................................................... ~ 0s
  2026-09-16 17:29:17 ........................................................................................... ~ 1s
  2026-09-16 17:30:18 ........................................................................................... ~ 0s
  2026-09-16 17:30:18 ........................................................................................... ~ 1s
  2026-09-16 17:31:19 ........................................................................................... ~ 0s
  2026-09-16 17:31:19 ........................................................................................... ~ 1s
  2026-09-16 17:32:20 ........................................................................................... ~ 0s
  2026-09-16 17:32:20 ........................................................................................... ~ 1s
  2026-09-16 17:33:21 ........................................................................................... ~ 0s
  2026-09-16 17:33:21 ........................................................................................... ~ 1s
  2026-09-16 17:33:27 ........................................................................................... ~ 0s
  2026-09-16 17:33:27 ........................................................................................... ~ 1s
  2026-09-16 17:33:35 ........................................................................................... ~ 0s
  2026-09-16 17:33:35 ........................................................................................... ~ 2s
  2026-09-16 18:19:05 ........................................................................................... ~ 1s
  2026-09-16 18:19:06 ........................................................................................... ~ 0s
  2026-09-16 18:19:13 ........................................................................................... ~ 0s
  2026-09-16 18:19:13 ........................................................................................... ~ 1s
