
   INFO  Server running on [http://127.0.0.1:8001].  

  Press Ctrl+C to stop the server

  2026-09-16 08:03:22 ........................................................................................... ~ 3s
  2026-09-16 11:10:42 .......................................................................................... ~ 19s
  2026-09-16 11:11:01 ........................................................................................... ~ 0s
  2026-09-16 11:11:01 ........................................................................................... ~ 4s
  2026-09-16 11:11:05 ........................................................................................... ~ 1s
  2026-09-16 11:35:11 ........................................................................................... ~ 1s
  2026-09-16 11:35:11 ........................................................................................... ~ 2s
  2026-09-16 11:35:12 ........................................................................................... ~ 1s
  2026-09-16 11:35:13 ........................................................................................... ~ 1s
  2026-09-16 11:35:13 ........................................................................................... ~ 1s
  2026-09-16 11:35:14 ........................................................................................... ~ 1s
  2026-09-16 11:36:36 ........................................................................................... ~ 0s
  2026-09-16 11:36:36 ........................................................................................... ~ 2s
  2026-09-16 11:36:38 ........................................................................................... ~ 0s
  2026-09-16 11:36:38 ........................................................................................... ~ 0s
  2026-09-16 11:36:38 ........................................................................................... ~ 1s
  2026-09-16 11:36:38 ........................................................................................... ~ 1s
  2026-09-16 11:36:39 ........................................................................................... ~ 1s
  2026-09-16 11:36:40 ........................................................................................... ~ 1s
  2026-09-16 11:36:41 ........................................................................................... ~ 0s
  2026-09-16 11:36:41 ........................................................................................... ~ 1s
  2026-09-16 11:36:42 ........................................................................................... ~ 0s
  2026-09-16 11:36:43 ........................................................................................... ~ 0s
  2026-09-16 11:36:43 ........................................................................................... ~ 1s
  2026-09-16 11:36:43 ........................................................................................... ~ 1s
  2026-09-16 11:36:43 ........................................................................................... ~ 1s
  2026-09-16 11:36:44 ........................................................................................... ~ 1s
  2026-09-16 11:36:44 ........................................................................................... ~ 2s
  2026-09-16 11:36:45 ........................................................................................... ~ 1s
  2026-09-16 11:36:46 ........................................................................................... ~ 1s
  2026-09-16 11:36:47 .......................................................................................... ~ 62s
  2026-09-16 11:37:49 ........................................................................................... ~ 1s
  2026-09-16 11:37:49 ........................................................................................... ~ 1s
  2026-09-16 11:37:49 ........................................................................................... ~ 2s
  2026-09-16 11:37:49 ........................................................................................... ~ 2s
  2026-09-16 11:37:49 ........................................................................................... ~ 2s
  2026-09-16 11:37:49 ........................................................................................... ~ 3s
  2026-09-16 11:37:52 ........................................................................................... ~ 0s
  2026-09-16 11:37:52 ........................................................................................... ~ 1s
  2026-09-16 11:37:52 ........................................................................................... ~ 1s
  2026-09-16 11:37:53 ........................................................................................... ~ 0s
  2026-09-16 11:37:53 ........................................................................................... ~ 1s
  2026-09-16 11:37:53 ........................................................................................... ~ 1s
  2026-09-16 11:38:00 ........................................................................................... ~ 0s
  2026-09-16 11:38:00 ........................................................................................... ~ 0s
  2026-09-16 11:38:00 ........................................................................................... ~ 1s
  2026-09-16 11:38:01 ........................................................................................... ~ 0s
  2026-09-16 11:38:26 ........................................................................................... ~ 0s
  2026-09-16 11:38:26 ........................................................................................... ~ 0s
  2026-09-16 11:38:26 ........................................................................................... ~ 1s
  2026-09-16 11:38:26 ........................................................................................... ~ 1s
  2026-09-16 11:38:26 ........................................................................................... ~ 2s
  2026-09-16 11:38:26 ........................................................................................... ~ 2s
  2026-09-16 11:38:28 ........................................................................................... ~ 1s
  2026-09-16 11:38:28 ........................................................................................... ~ 1s
  2026-09-16 11:38:29 ........................................................................................... ~ 1s
  2026-09-16 11:38:29 ........................................................................................... ~ 1s
  2026-09-16 11:38:30 ........................................................................................... ~ 0s
  2026-09-16 11:38:30 ........................................................................................... ~ 1s
  2026-09-16 11:38:30 ........................................................................................... ~ 1s
  2026-09-16 11:38:31 ........................................................................................... ~ 1s
  2026-09-16 11:38:31 ........................................................................................... ~ 1s
  2026-09-16 11:38:32 ........................................................................................... ~ 1s
  2026-09-16 11:41:23 ........................................................................................... ~ 0s
  2026-09-16 11:41:23 ........................................................................................... ~ 1s
  2026-09-16 11:41:23 ........................................................................................... ~ 2s
  2026-09-16 11:41:23 ........................................................................................... ~ 2s
  2026-09-16 11:41:23 ........................................................................................... ~ 3s
  2026-09-16 11:41:23 ........................................................................................... ~ 3s
  2026-09-16 11:41:26 ........................................................................................... ~ 1s
  2026-09-16 11:41:26 ........................................................................................... ~ 1s
  2026-09-16 11:41:27 ........................................................................................... ~ 0s
  2026-09-16 11:41:27 ........................................................................................... ~ 1s
  2026-09-16 11:41:27 ........................................................................................... ~ 1s
  2026-09-16 11:41:28 ........................................................................................... ~ 1s
  2026-09-16 11:42:35 ........................................................................................... ~ 0s
  2026-09-16 11:42:35 ........................................................................................... ~ 0s
  2026-09-16 11:42:35 ........................................................................................... ~ 1s
  2026-09-16 11:42:35 ........................................................................................... ~ 1s
  2026-09-16 11:42:35 ........................................................................................... ~ 2s
  2026-09-16 11:42:35 ........................................................................................... ~ 2s
  2026-09-16 11:42:37 ........................................................................................... ~ 1s
  2026-09-16 11:42:37 ........................................................................................... ~ 1s
  2026-09-16 11:42:38 ........................................................................................... ~ 0s
  2026-09-16 11:42:38 ........................................................................................... ~ 1s
  2026-09-16 11:42:38 ........................................................................................... ~ 1s
  2026-09-16 11:42:39 ........................................................................................... ~ 1s
  2026-09-16 11:42:39 ........................................................................................... ~ 1s
  2026-09-16 11:42:40 ........................................................................................... ~ 1s
  2026-09-16 11:42:40 ........................................................................................... ~ 1s
  2026-09-16 11:42:41 ........................................................................................... ~ 1s
  2026-09-16 11:42:52 ........................................................................................... ~ 1s
  2026-09-16 11:42:53 ........................................................................................... ~ 0s
  2026-09-16 11:42:53 ........................................................................................... ~ 0s
  2026-09-16 11:42:53 ........................................................................................... ~ 1s
  2026-09-16 11:42:53 ........................................................................................... ~ 1s
  2026-09-16 11:42:54 ........................................................................................... ~ 1s
  2026-09-16 11:42:54 ........................................................................................... ~ 2s
  2026-09-16 11:42:55 ........................................................................................... ~ 2s
  2026-09-16 11:46:09 ........................................................................................... ~ 1s
  2026-09-16 11:46:09 ........................................................................................... ~ 1s
  2026-09-16 11:46:09 ........................................................................................... ~ 1s
  2026-09-16 11:46:09 ........................................................................................... ~ 2s
  2026-09-16 11:46:09 ........................................................................................... ~ 2s
  2026-09-16 11:46:09 ........................................................................................... ~ 2s
  2026-09-16 11:46:11 ........................................................................................... ~ 1s
  2026-09-16 11:46:11 ........................................................................................... ~ 1s
  2026-09-16 11:46:12 ........................................................................................... ~ 0s
  2026-09-16 11:46:12 ........................................................................................... ~ 1s
  2026-09-16 11:46:12 ........................................................................................... ~ 1s
  2026-09-16 11:46:13 ........................................................................................... ~ 1s
  2026-09-16 11:47:19 ........................................................................................... ~ 0s
  2026-09-16 11:47:19 ........................................................................................... ~ 0s
  2026-09-16 11:47:19 ........................................................................................... ~ 1s
  2026-09-16 11:47:19 ........................................................................................... ~ 1s
  2026-09-16 11:47:19 ........................................................................................... ~ 2s
  2026-09-16 11:47:19 ........................................................................................... ~ 2s
  2026-09-16 11:47:21 ........................................................................................... ~ 1s
  2026-09-16 11:47:21 ........................................................................................... ~ 1s
  2026-09-16 11:47:22 ........................................................................................... ~ 0s
  2026-09-16 11:47:22 ........................................................................................... ~ 0s
  2026-09-16 11:47:22 ........................................................................................... ~ 1s
  2026-09-16 11:47:22 ........................................................................................... ~ 1s
  2026-09-16 11:47:23 ........................................................................................... ~ 1s
  2026-09-16 11:47:23 ........................................................................................... ~ 1s
  2026-09-16 11:47:24 ........................................................................................... ~ 1s
  2026-09-16 11:47:24 ........................................................................................... ~ 1s
  2026-09-16 11:47:25 ........................................................................................... ~ 0s
  2026-09-16 11:47:25 ........................................................................................... ~ 1s
  2026-09-16 11:47:32 ........................................................................................... ~ 0s
  2026-09-16 11:47:32 ........................................................................................... ~ 0s
  2026-09-16 11:47:32 ........................................................................................... ~ 1s
  2026-09-16 11:47:32 ........................................................................................... ~ 1s
  2026-09-16 11:47:32 ........................................................................................... ~ 2s
  2026-09-16 11:47:32 ........................................................................................... ~ 2s
  2026-09-16 11:47:34 ........................................................................................... ~ 0s
  2026-09-16 11:47:34 ........................................................................................... ~ 1s
  2026-09-16 11:47:34 ........................................................................................... ~ 1s
  2026-09-16 11:47:35 ........................................................................................... ~ 0s
  2026-09-16 11:47:35 ........................................................................................... ~ 1s
  2026-09-16 11:47:35 ........................................................................................... ~ 1s
  2026-09-16 11:47:36 ........................................................................................... ~ 0s
  2026-09-16 11:47:36 ........................................................................................... ~ 1s
  2026-09-16 11:47:36 ........................................................................................... ~ 1s
  2026-09-16 11:47:37 ........................................................................................... ~ 1s
  2026-09-16 11:48:11 ........................................................................................... ~ 1s
  2026-09-16 11:48:11 ........................................................................................... ~ 1s
  2026-09-16 11:48:11 ........................................................................................... ~ 1s
  2026-09-16 11:48:11 ........................................................................................... ~ 2s
  2026-09-16 11:48:11 ........................................................................................... ~ 2s
  2026-09-16 11:48:12 ........................................................................................... ~ 1s
  2026-09-16 11:48:13 ........................................................................................... ~ 1s
  2026-09-16 11:48:13 ........................................................................................... ~ 1s
  2026-09-16 11:48:14 ........................................................................................... ~ 1s
  2026-09-16 11:48:14 ........................................................................................... ~ 1s
  2026-09-16 11:48:15 ........................................................................................... ~ 0s
  2026-09-16 11:48:15 ........................................................................................... ~ 1s
  2026-09-16 11:49:59 ........................................................................................... ~ 0s
  2026-09-16 11:49:59 ........................................................................................... ~ 1s
  2026-09-16 11:49:59 ........................................................................................... ~ 1s
  2026-09-16 11:49:59 ........................................................................................... ~ 2s
  2026-09-16 11:50:00 ........................................................................................... ~ 2s
  2026-09-16 11:50:01 ........................................................................................... ~ 2s
  2026-09-16 11:50:02 ........................................................................................... ~ 1s
  2026-09-16 11:50:03 ........................................................................................... ~ 0s
  2026-09-16 11:50:03 ........................................................................................... ~ 1s
  2026-09-16 11:50:03 ........................................................................................... ~ 1s
  2026-09-16 11:50:04 ........................................................................................... ~ 0s
  2026-09-16 11:50:04 ........................................................................................... ~ 1s
  2026-09-16 11:50:04 ........................................................................................... ~ 1s
  2026-09-16 11:50:05 ........................................................................................... ~ 0s
  2026-09-16 11:50:05 ........................................................................................... ~ 1s
  2026-09-16 11:50:05 ........................................................................................... ~ 1s
  2026-09-16 11:50:06 ........................................................................................... ~ 1s
  2026-09-16 11:50:06 ........................................................................................... ~ 1s
  2026-09-16 11:50:21 ........................................................................................... ~ 1s
  2026-09-16 11:50:21 ........................................................................................... ~ 1s
  2026-09-16 11:50:21 ........................................................................................... ~ 2s
  2026-09-16 11:50:21 ........................................................................................... ~ 2s
  2026-09-16 11:50:21 ........................................................................................... ~ 2s
  2026-09-16 11:50:21 ........................................................................................... ~ 3s
  2026-09-16 11:50:24 ........................................................................................... ~ 0s
  2026-09-16 11:50:24 ........................................................................................... ~ 0s
  2026-09-16 11:50:24 ........................................................................................... ~ 1s
  2026-09-16 11:50:24 ........................................................................................... ~ 1s
  2026-09-16 11:50:25 ........................................................................................... ~ 1s
  2026-09-16 11:50:25 ........................................................................................... ~ 1s
  2026-09-16 11:50:27 ........................................................................................... ~ 1s
  2026-09-16 11:50:27 ........................................................................................... ~ 1s
  2026-09-16 11:50:28 ........................................................................................... ~ 0s
  2026-09-16 11:50:28 ........................................................................................... ~ 1s
  2026-09-16 11:51:01 ........................................................................................... ~ 0s
  2026-09-16 11:51:01 ........................................................................................... ~ 1s
  2026-09-16 11:51:01 ........................................................................................... ~ 1s
  2026-09-16 11:51:02 ........................................................................................... ~ 1s
  2026-09-16 11:51:02 ........................................................................................... ~ 1s
  2026-09-16 11:51:03 ........................................................................................... ~ 0s
  2026-09-16 11:51:03 ........................................................................................... ~ 1s
  2026-09-16 11:51:03 ........................................................................................... ~ 2s
  2026-09-16 11:51:04 ........................................................................................... ~ 1s
  2026-09-16 11:51:05 ........................................................................................... ~ 1s
  2026-09-16 11:51:05 ........................................................................................... ~ 1s
  2026-09-16 11:51:06 ........................................................................................... ~ 1s
  2026-09-16 11:51:06 ........................................................................................... ~ 1s
  2026-09-16 11:51:07 ........................................................................................... ~ 1s
  2026-09-16 11:53:10 ........................................................................................... ~ 1s
  2026-09-16 11:53:11 ........................................................................................... ~ 0s
  2026-09-16 11:53:11 ........................................................................................... ~ 1s
  2026-09-16 11:53:11 ........................................................................................... ~ 1s
  2026-09-16 11:53:12 ........................................................................................... ~ 0s
  2026-09-16 11:53:12 ........................................................................................... ~ 1s
  2026-09-16 11:53:12 ........................................................................................... ~ 1s
  2026-09-16 11:53:13 ........................................................................................... ~ 1s
  2026-09-16 11:53:13 ........................................................................................... ~ 1s
  2026-09-16 11:53:14 ........................................................................................... ~ 0s
  2026-09-16 11:53:14 ........................................................................................... ~ 1s
  2026-09-16 11:53:14 ........................................................................................... ~ 1s
  2026-09-16 11:53:15 ........................................................................................... ~ 1s
  2026-09-16 11:53:16 ........................................................................................... ~ 0s
  2026-09-16 11:53:52 ........................................................................................... ~ 0s
  2026-09-16 11:53:52 ........................................................................................... ~ 1s
  2026-09-16 11:53:52 ........................................................................................... ~ 1s
  2026-09-16 11:53:52 ........................................................................................... ~ 2s
  2026-09-16 11:53:52 ........................................................................................... ~ 2s
  2026-09-16 11:53:52 ........................................................................................... ~ 2s
  2026-09-16 11:53:54 ........................................................................................... ~ 1s
  2026-09-16 11:53:54 ........................................................................................... ~ 2s
  2026-09-16 11:53:55 ........................................................................................... ~ 1s
  2026-09-16 11:53:56 ........................................................................................... ~ 0s
  2026-09-16 11:53:56 ........................................................................................... ~ 1s
  2026-09-16 11:53:56 ........................................................................................... ~ 1s
  2026-09-16 11:53:57 ........................................................................................... ~ 1s
  2026-09-16 11:53:58 ........................................................................................... ~ 0s
  2026-09-16 11:55:55 ........................................................................................... ~ 1s
  2026-09-16 11:55:55 ........................................................................................... ~ 1s
  2026-09-16 11:55:55 ........................................................................................... ~ 2s
  2026-09-16 11:55:55 ........................................................................................... ~ 2s
  2026-09-16 11:55:55 ........................................................................................... ~ 2s
  2026-09-16 11:55:56 ........................................................................................... ~ 2s
  2026-09-16 11:55:57 ........................................................................................... ~ 1s
  2026-09-16 11:55:58 ........................................................................................... ~ 1s
  2026-09-16 11:55:58 ........................................................................................... ~ 1s
  2026-09-16 11:55:59 ........................................................................................... ~ 0s
  2026-09-16 11:55:59 ........................................................................................... ~ 1s
  2026-09-16 11:55:59 ........................................................................................... ~ 1s
  2026-09-16 11:56:37 ........................................................................................... ~ 0s
  2026-09-16 11:56:37 ........................................................................................... ~ 1s
  2026-09-16 11:57:08 ........................................................................................... ~ 1s
  2026-09-16 11:57:09 ........................................................................................... ~ 0s
  2026-09-16 11:57:09 ........................................................................................... ~ 0s
  2026-09-16 11:57:09 ........................................................................................... ~ 1s
  2026-09-16 11:57:09 ........................................................................................... ~ 1s
  2026-09-16 11:57:10 ........................................................................................... ~ 0s
  2026-09-16 11:57:10 ........................................................................................... ~ 1s
  2026-09-16 11:57:10 ........................................................................................... ~ 1s
  2026-09-16 11:57:11 ........................................................................................... ~ 1s
  2026-09-16 11:57:11 ........................................................................................... ~ 1s
  2026-09-16 11:57:12 ........................................................................................... ~ 0s
  2026-09-16 11:57:12 ........................................................................................... ~ 1s
  2026-09-16 12:04:38 ........................................................................................... ~ 0s
  2026-09-16 12:04:38 ........................................................................................... ~ 1s
  2026-09-16 12:04:42 ........................................................................................... ~ 0s
  2026-09-16 12:04:42 ........................................................................................... ~ 1s
  2026-09-16 12:04:42 ........................................................................................... ~ 1s
  2026-09-16 12:04:43 ........................................................................................... ~ 1s
  2026-09-16 12:04:43 ........................................................................................... ~ 1s
  2026-09-16 12:04:44 ........................................................................................... ~ 1s
  2026-09-16 12:04:44 ........................................................................................... ~ 1s
  2026-09-16 12:04:45 ........................................................................................... ~ 0s
  2026-09-16 12:04:45 ........................................................................................... ~ 1s
  2026-09-16 12:04:45 ........................................................................................... ~ 1s
  2026-09-16 12:04:46 ........................................................................................... ~ 1s
  2026-09-16 12:04:46 ........................................................................................... ~ 1s
  2026-09-16 12:05:04 ........................................................................................... ~ 0s
  2026-09-16 12:05:04 ........................................................................................... ~ 1s
  2026-09-16 12:05:04 ........................................................................................... ~ 1s
  2026-09-16 12:05:04 ........................................................................................... ~ 1s
  2026-09-16 12:05:04 ........................................................................................... ~ 2s
  2026-09-16 12:05:04 ........................................................................................... ~ 2s
  2026-09-16 12:05:06 ........................................................................................... ~ 0s
  2026-09-16 12:05:06 ........................................................................................... ~ 1s
  2026-09-16 12:05:06 ........................................................................................... ~ 1s
  2026-09-16 12:05:07 ........................................................................................... ~ 1s
  2026-09-16 12:05:12 ........................................................................................... ~ 0s
  2026-09-16 12:05:12 ........................................................................................... ~ 0s
  2026-09-16 12:05:12 ........................................................................................... ~ 1s
  2026-09-16 12:05:12 ........................................................................................... ~ 1s
  2026-09-16 12:05:12 ........................................................................................... ~ 1s
  2026-09-16 12:05:12 ........................................................................................... ~ 2s
  2026-09-16 12:05:13 ........................................................................................... ~ 1s
  2026-09-16 12:05:14 ........................................................................................... ~ 0s
  2026-09-16 12:05:14 ........................................................................................... ~ 1s
  2026-09-16 12:05:14 ........................................................................................... ~ 1s
  2026-09-16 12:05:29 ........................................................................................... ~ 0s
  2026-09-16 12:05:29 ........................................................................................... ~ 1s
  2026-09-16 12:05:35 ........................................................................................... ~ 0s
  2026-09-16 12:05:35 ........................................................................................... ~ 1s
  2026-09-16 12:05:35 ........................................................................................... ~ 1s
  2026-09-16 12:05:35 ........................................................................................... ~ 1s
  2026-09-16 12:05:36 ........................................................................................... ~ 1s
  2026-09-16 12:05:36 ........................................................................................... ~ 1s
  2026-09-16 12:05:37 ........................................................................................... ~ 0s
  2026-09-16 12:05:37 ........................................................................................... ~ 1s
  2026-09-16 12:05:37 ........................................................................................... ~ 1s
  2026-09-16 12:05:38 ........................................................................................... ~ 1s
  2026-09-16 12:05:38 ........................................................................................... ~ 1s
  2026-09-16 12:05:39 ........................................................................................... ~ 1s
  2026-09-16 12:06:00 ........................................................................................... ~ 0s
  2026-09-16 12:06:00 ........................................................................................... ~ 1s
  2026-09-16 12:06:00 ........................................................................................... ~ 1s
  2026-09-16 12:06:01 ........................................................................................... ~ 1s
  2026-09-16 12:09:02 ........................................................................................... ~ 1s
  2026-09-16 12:09:02 ........................................................................................... ~ 2s
  2026-09-16 12:09:02 ........................................................................................... ~ 2s
  2026-09-16 12:09:02 ........................................................................................... ~ 3s
  2026-09-16 12:09:02 ........................................................................................... ~ 3s
  2026-09-16 12:09:03 ........................................................................................... ~ 3s
  2026-09-16 12:09:05 ........................................................................................... ~ 2s
  2026-09-16 12:09:06 ........................................................................................... ~ 1s
  2026-09-16 12:09:07 ........................................................................................... ~ 1s
  2026-09-16 12:09:07 ........................................................................................... ~ 1s
  2026-09-16 12:09:08 ........................................................................................... ~ 0s
  2026-09-16 12:09:08 ........................................................................................... ~ 1s
  2026-09-16 12:09:15 ........................................................................................... ~ 1s
  2026-09-16 12:09:15 ........................................................................................... ~ 1s
  2026-09-16 12:09:15 ........................................................................................... ~ 1s
  2026-09-16 12:09:15 ........................................................................................... ~ 2s
  2026-09-16 12:09:15 ........................................................................................... ~ 2s
  2026-09-16 12:09:15 ........................................................................................... ~ 2s
  2026-09-16 12:09:17 ........................................................................................... ~ 1s
  2026-09-16 12:09:17 ........................................................................................... ~ 1s
  2026-09-16 12:09:18 ........................................................................................... ~ 1s
  2026-09-16 12:09:18 ........................................................................................... ~ 1s
  2026-09-16 12:09:19 ........................................................................................... ~ 0s
  2026-09-16 12:09:19 ........................................................................................... ~ 1s
  2026-09-16 12:09:21 ........................................................................................... ~ 1s
  2026-09-16 12:09:21 ........................................................................................... ~ 1s
  2026-09-16 12:09:21 ........................................................................................... ~ 2s
  2026-09-16 12:09:22 ........................................................................................... ~ 1s
  2026-09-16 12:09:23 ........................................................................................... ~ 1s
  2026-09-16 12:09:23 ........................................................................................... ~ 2s
  2026-09-16 12:09:41 ........................................................................................... ~ 1s
  2026-09-16 12:09:41 ........................................................................................... ~ 1s
  2026-09-16 12:09:41 ........................................................................................... ~ 1s
  2026-09-16 12:09:41 ........................................................................................... ~ 2s
  2026-09-16 12:09:41 ........................................................................................... ~ 2s
  2026-09-16 12:09:41 ........................................................................................... ~ 3s
  2026-09-16 12:09:44 ........................................................................................... ~ 0s
  2026-09-16 12:09:44 ........................................................................................... ~ 1s
  2026-09-16 12:09:44 ........................................................................................... ~ 1s
  2026-09-16 12:09:45 ........................................................................................... ~ 1s
  2026-09-16 12:09:45 ........................................................................................... ~ 1s
  2026-09-16 12:09:46 ........................................................................................... ~ 1s
  2026-09-16 12:10:01 ........................................................................................... ~ 0s
  2026-09-16 12:10:01 ........................................................................................... ~ 0s
  2026-09-16 12:10:01 ........................................................................................... ~ 1s
  2026-09-16 12:10:02 ........................................................................................... ~ 0s
  2026-09-16 12:11:33 ........................................................................................... ~ 1s
  2026-09-16 12:11:34 ........................................................................................... ~ 0s
  2026-09-16 12:11:34 ........................................................................................... ~ 1s
  2026-09-16 12:11:34 ........................................................................................... ~ 2s
  2026-09-16 12:11:35 ........................................................................................... ~ 1s
  2026-09-16 12:11:36 ........................................................................................... ~ 2s
  2026-09-16 12:11:36 ........................................................................................... ~ 3s
  2026-09-16 12:11:38 ........................................................................................... ~ 1s
  2026-09-16 12:11:39 ........................................................................................... ~ 1s
  2026-09-16 12:11:39 ........................................................................................... ~ 2s
  2026-09-16 12:11:40 ........................................................................................... ~ 1s
  2026-09-16 12:11:41 ........................................................................................... ~ 1s
  2026-09-16 12:12:35 ........................................................................................... ~ 0s
  2026-09-16 12:12:35 ........................................................................................... ~ 1s
  2026-09-16 12:12:35 ........................................................................................... ~ 1s
  2026-09-16 12:12:36 ........................................................................................... ~ 1s
  2026-09-16 12:16:24 ........................................................................................... ~ 2s
  2026-09-16 12:16:24 ........................................................................................... ~ 2s
  2026-09-16 12:16:26 ........................................................................................... ~ 1s
  2026-09-16 12:16:26 ........................................................................................... ~ 1s
  2026-09-16 12:16:27 ........................................................................................... ~ 1s
  2026-09-16 12:16:27 ........................................................................................... ~ 1s
  2026-09-16 12:16:28 ........................................................................................... ~ 1s
  2026-09-16 12:16:28 ........................................................................................... ~ 2s
  2026-09-16 12:16:29 ........................................................................................... ~ 1s
  2026-09-16 12:16:30 ........................................................................................... ~ 1s
  2026-09-16 12:16:30 ........................................................................................... ~ 2s
  2026-09-16 12:16:31 ........................................................................................... ~ 2s
  2026-09-16 12:16:32 ........................................................................................... ~ 1s
  2026-09-16 12:16:33 ........................................................................................... ~ 1s
  2026-09-16 12:16:43 ........................................................................................... ~ 1s
  2026-09-16 12:16:43 ........................................................................................... ~ 2s
  2026-09-16 12:16:44 ........................................................................................... ~ 2s
  2026-09-16 12:16:45 ........................................................................................... ~ 1s
  2026-09-16 12:16:46 ........................................................................................... ~ 1s
  2026-09-16 12:16:46 ........................................................................................... ~ 2s
  2026-09-16 12:16:47 ........................................................................................... ~ 2s
  2026-09-16 12:16:48 ........................................................................................... ~ 1s
  2026-09-16 12:16:49 ........................................................................................... ~ 1s
  2026-09-16 12:16:49 ........................................................................................... ~ 2s
  2026-09-16 12:16:50 ........................................................................................... ~ 1s
  2026-09-16 12:16:51 ........................................................................................... ~ 1s
  2026-09-16 12:16:51 ........................................................................................... ~ 2s
  2026-09-16 12:16:52 ........................................................................................... ~ 2s
  2026-09-16 12:16:53 ........................................................................................... ~ 2s
  2026-09-16 12:16:54 ........................................................................................... ~ 2s
  2026-09-16 12:16:55 ........................................................................................... ~ 2s
  2026-09-16 12:16:56 ........................................................................................... ~ 2s
  2026-09-16 12:17:00 ........................................................................................... ~ 1s
  2026-09-16 12:17:00 ........................................................................................... ~ 2s
  2026-09-16 12:17:01 ........................................................................................... ~ 1s
  2026-09-16 12:17:02 ........................................................................................... ~ 1s
  2026-09-16 12:17:02 ........................................................................................... ~ 2s
  2026-09-16 12:17:03 ........................................................................................... ~ 2s
  2026-09-16 12:17:04 ........................................................................................... ~ 2s
  2026-09-16 12:17:05 ........................................................................................... ~ 2s
  2026-09-16 12:17:06 ........................................................................................... ~ 2s
  2026-09-16 12:17:07 ........................................................................................... ~ 2s
  2026-09-16 12:17:08 ........................................................................................... ~ 2s
  2026-09-16 12:17:09 ........................................................................................... ~ 2s
  2026-09-16 12:17:10 ........................................................................................... ~ 2s
  2026-09-16 12:17:11 ........................................................................................... ~ 2s
  2026-09-16 12:17:12 ........................................................................................... ~ 2s
  2026-09-16 12:17:13 ........................................................................................... ~ 1s
  2026-09-16 12:17:14 ........................................................................................... ~ 1s
  2026-09-16 12:17:14 ........................................................................................... ~ 2s
  2026-09-16 12:17:15 ........................................................................................... ~ 2s
  2026-09-16 12:17:16 ........................................................................................... ~ 2s
  2026-09-16 12:17:17 ........................................................................................... ~ 2s
  2026-09-16 12:17:18 ........................................................................................... ~ 1s
  2026-09-16 12:17:19 ........................................................................................... ~ 1s
  2026-09-16 12:17:19 ........................................................................................... ~ 2s
  2026-09-16 12:17:20 ........................................................................................... ~ 1s
  2026-09-16 12:17:21 ........................................................................................... ~ 1s
  2026-09-16 12:17:21 ........................................................................................... ~ 2s
  2026-09-16 12:17:22 ........................................................................................... ~ 2s
  2026-09-16 12:17:23 ........................................................................................... ~ 2s
  2026-09-16 12:17:24 ........................................................................................... ~ 2s
  2026-09-16 12:17:25 ........................................................................................... ~ 2s
  2026-09-16 12:17:26 ........................................................................................... ~ 2s
  2026-09-16 12:17:27 ........................................................................................... ~ 2s
  2026-09-16 12:17:28 ........................................................................................... ~ 2s
  2026-09-16 12:17:29 ........................................................................................... ~ 2s
  2026-09-16 12:17:30 ........................................................................................... ~ 2s
  2026-09-16 12:17:31 ........................................................................................... ~ 2s
  2026-09-16 12:17:32 ........................................................................................... ~ 2s
  2026-09-16 12:17:33 ........................................................................................... ~ 1s
  2026-09-16 12:17:34 ........................................................................................... ~ 1s
  2026-09-16 12:17:34 ........................................................................................... ~ 1s
  2026-09-16 12:17:35 ........................................................................................... ~ 1s
  2026-09-16 12:17:35 ........................................................................................... ~ 1s
  2026-09-16 12:17:36 ........................................................................................... ~ 1s
  2026-09-16 12:17:36 ........................................................................................... ~ 2s
  2026-09-16 12:17:37 ........................................................................................... ~ 1s
  2026-09-16 12:17:38 ........................................................................................... ~ 1s
  2026-09-16 12:17:38 ........................................................................................... ~ 1s
  2026-09-16 12:17:39 ........................................................................................... ~ 1s
  2026-09-16 12:17:39 ........................................................................................... ~ 2s
  2026-09-16 12:17:40 ........................................................................................... ~ 1s
  2026-09-16 12:17:41 ........................................................................................... ~ 1s
  2026-09-16 12:17:41 ........................................................................................... ~ 2s
  2026-09-16 12:17:42 ........................................................................................... ~ 2s
  2026-09-16 12:17:43 ........................................................................................... ~ 1s
  2026-09-16 12:17:50 ........................................................................................... ~ 0s
  2026-09-16 12:17:50 ........................................................................................... ~ 1s
  2026-09-16 12:17:50 ........................................................................................... ~ 2s
  2026-09-16 12:17:52 ........................................................................................... ~ 1s
  2026-09-16 12:18:49 ........................................................................................... ~ 0s
  2026-09-16 12:18:49 ........................................................................................... ~ 1s
  2026-09-16 12:18:49 ........................................................................................... ~ 1s
  2026-09-16 12:18:50 ........................................................................................... ~ 1s
  2026-09-16 12:18:50 ........................................................................................... ~ 1s
  2026-09-16 12:18:51 ........................................................................................... ~ 1s
  2026-09-16 12:18:51 ........................................................................................... ~ 1s
  2026-09-16 12:18:52 ........................................................................................... ~ 0s
  2026-09-16 12:18:52 ........................................................................................... ~ 1s
  2026-09-16 12:18:52 ........................................................................................... ~ 1s
  2026-09-16 12:18:53 ........................................................................................... ~ 1s
  2026-09-16 12:18:53 ........................................................................................... ~ 1s
  2026-09-16 12:18:54 ........................................................................................... ~ 1s
  2026-09-16 12:18:54 ........................................................................................... ~ 1s
  2026-09-16 12:18:55 ........................................................................................... ~ 1s
  2026-09-16 12:18:55 ........................................................................................... ~ 2s
  2026-09-16 12:18:56 ........................................................................................... ~ 1s
  2026-09-16 12:18:57 ........................................................................................... ~ 1s
  2026-09-16 12:20:37 ........................................................................................... ~ 1s
  2026-09-16 12:20:37 ........................................................................................... ~ 1s
  2026-09-16 12:20:38 ........................................................................................... ~ 0s
  2026-09-16 12:20:39 ........................................................................................... ~ 0s
  2026-09-16 12:20:40 ........................................................................................... ~ 4s
  2026-09-16 12:20:44 ........................................................................................... ~ 1s
  2026-09-16 12:20:44 ........................................................................................... ~ 1s
  2026-09-16 12:20:45 ........................................................................................... ~ 1s
  2026-09-16 12:20:45 ........................................................................................... ~ 1s
  2026-09-16 12:20:46 ........................................................................................... ~ 1s
  2026-09-16 12:20:46 ........................................................................................... ~ 1s
  2026-09-16 12:20:47 ........................................................................................... ~ 1s
  2026-09-16 12:20:47 ........................................................................................... ~ 1s
  2026-09-16 12:20:48 ........................................................................................... ~ 1s
  2026-09-16 12:20:48 ........................................................................................... ~ 1s
  2026-09-16 12:20:49 ........................................................................................... ~ 1s
  2026-09-16 12:20:49 ........................................................................................... ~ 1s
  2026-09-16 12:20:50 ........................................................................................... ~ 1s
  2026-09-16 12:20:50 ........................................................................................... ~ 1s
  2026-09-16 12:20:51 ........................................................................................... ~ 1s
  2026-09-16 12:20:51 ........................................................................................... ~ 2s
  2026-09-16 12:20:52 ........................................................................................... ~ 2s
  2026-09-16 12:20:53 ........................................................................................... ~ 1s
  2026-09-16 12:20:54 ........................................................................................... ~ 1s
  2026-09-16 12:20:54 ........................................................................................... ~ 3s
  2026-09-16 12:20:55 ........................................................................................... ~ 2s
  2026-09-16 12:20:57 ........................................................................................... ~ 1s
  2026-09-16 12:20:57 ........................................................................................... ~ 1s
  2026-09-16 12:20:58 ........................................................................................... ~ 0s
  2026-09-16 12:20:58 ........................................................................................... ~ 1s
  2026-09-16 12:20:58 ........................................................................................... ~ 1s
  2026-09-16 12:20:59 ........................................................................................... ~ 1s
  2026-09-16 12:21:00 ........................................................................................... ~ 4s
  2026-09-16 12:21:04 ........................................................................................... ~ 1s
  2026-09-16 12:21:04 ........................................................................................... ~ 2s
  2026-09-16 12:21:06 ........................................................................................... ~ 0s
  2026-09-16 12:21:06 ........................................................................................... ~ 1s
  2026-09-16 12:21:06 ........................................................................................... ~ 1s
  2026-09-16 12:21:07 ........................................................................................... ~ 0s
  2026-09-16 12:21:07 ........................................................................................... ~ 1s
  2026-09-16 12:21:08 ........................................................................................... ~ 0s
  2026-09-16 12:21:09 ........................................................................................... ~ 0s
  2026-09-16 12:21:09 ........................................................................................... ~ 0s
  2026-09-16 12:21:09 ........................................................................................... ~ 1s
  2026-09-16 12:21:13 ........................................................................................... ~ 0s
  2026-09-16 12:21:13 ........................................................................................... ~ 1s
  2026-09-16 12:21:13 ........................................................................................... ~ 1s
  2026-09-16 12:21:14 ........................................................................................... ~ 0s
  2026-09-16 12:21:14 ........................................................................................... ~ 1s
  2026-09-16 12:21:14 ........................................................................................... ~ 1s
  2026-09-16 12:21:15 ........................................................................................... ~ 1s
  2026-09-16 12:21:15 ........................................................................................... ~ 1s
  2026-09-16 12:21:16 ........................................................................................... ~ 1s
  2026-09-16 12:21:16 ........................................................................................... ~ 1s
  2026-09-16 12:21:17 ........................................................................................... ~ 0s
  2026-09-16 12:21:17 ........................................................................................... ~ 1s
  2026-09-16 12:21:17 ........................................................................................... ~ 1s
  2026-09-16 12:22:13 ........................................................................................... ~ 1s
  2026-09-16 12:22:13 ........................................................................................... ~ 1s
  2026-09-16 12:22:13 ........................................................................................... ~ 2s
  2026-09-16 12:22:13 ........................................................................................... ~ 2s
  2026-09-16 12:22:13 ........................................................................................... ~ 2s
  2026-09-16 12:22:13 ........................................................................................... ~ 3s
  2026-09-16 12:22:16 ........................................................................................... ~ 0s
  2026-09-16 12:22:16 ........................................................................................... ~ 0s
  2026-09-16 12:22:16 ........................................................................................... ~ 1s
  2026-09-16 12:22:16 ........................................................................................... ~ 1s
  2026-09-16 12:22:17 ........................................................................................... ~ 1s
  2026-09-16 12:22:17 ........................................................................................... ~ 1s
  2026-09-16 12:22:21 ........................................................................................... ~ 1s
  2026-09-16 12:22:21 ........................................................................................... ~ 1s
  2026-09-16 12:22:21 ........................................................................................... ~ 2s
  2026-09-16 12:22:22 ........................................................................................... ~ 1s
  2026-09-16 12:22:23 ........................................................................................... ~ 0s
  2026-09-16 12:22:23 ........................................................................................... ~ 1s
  2026-09-16 12:22:32 ........................................................................................... ~ 1s
  2026-09-16 12:22:32 ........................................................................................... ~ 1s
  2026-09-16 12:22:33 ........................................................................................... ~ 1s
  2026-09-16 12:22:34 ........................................................................................... ~ 0s
  2026-09-16 12:22:59 ........................................................................................... ~ 1s
  2026-09-16 12:22:59 ........................................................................................... ~ 1s
  2026-09-16 12:22:59 ........................................................................................... ~ 2s
  2026-09-16 12:22:59 ........................................................................................... ~ 2s
  2026-09-16 12:23:00 ........................................................................................... ~ 2s
  2026-09-16 12:23:01 ........................................................................................... ~ 1s
  2026-09-16 12:23:02 ........................................................................................... ~ 0s
  2026-09-16 12:23:02 ........................................................................................... ~ 1s
  2026-09-16 12:23:02 ........................................................................................... ~ 1s
  2026-09-16 12:23:03 ........................................................................................... ~ 1s
  2026-09-16 12:23:03 ........................................................................................... ~ 1s
  2026-09-16 12:23:04 ........................................................................................... ~ 0s
  2026-09-16 12:23:04 ........................................................................................... ~ 0s
  2026-09-16 12:23:04 ........................................................................................... ~ 1s
  2026-09-16 12:23:04 ........................................................................................... ~ 1s
  2026-09-16 12:23:05 ........................................................................................... ~ 1s
  2026-09-16 12:23:05 ........................................................................................... ~ 1s
  2026-09-16 12:23:06 ........................................................................................... ~ 0s
  2026-09-16 12:23:06 ........................................................................................... ~ 1s
  2026-09-16 12:23:06 ........................................................................................... ~ 1s
  2026-09-16 12:23:17 ........................................................................................... ~ 1s
  2026-09-16 12:23:17 ........................................................................................... ~ 1s
  2026-09-16 12:23:18 ........................................................................................... ~ 0s
  2026-09-16 12:23:18 ........................................................................................... ~ 1s
  2026-09-16 12:24:03 ........................................................................................... ~ 0s
  2026-09-16 12:24:03 ........................................................................................... ~ 1s
  2026-09-16 12:24:03 ........................................................................................... ~ 1s
  2026-09-16 12:24:03 ........................................................................................... ~ 1s
  2026-09-16 12:24:03 ........................................................................................... ~ 2s
  2026-09-16 12:24:03 ........................................................................................... ~ 2s
  2026-09-16 12:24:05 ........................................................................................... ~ 1s
  2026-09-16 12:24:05 ........................................................................................... ~ 1s
  2026-09-16 12:24:06 ........................................................................................... ~ 1s
  2026-09-16 12:24:06 ........................................................................................... ~ 1s
  2026-09-16 12:24:07 ........................................................................................... ~ 0s
  2026-09-16 12:24:07 ........................................................................................... ~ 1s
  2026-09-16 12:24:07 ........................................................................................... ~ 1s
  2026-09-16 12:24:08 ........................................................................................... ~ 0s
  2026-09-16 12:24:22 ........................................................................................... ~ 1s
  2026-09-16 12:24:22 ........................................................................................... ~ 1s
  2026-09-16 12:24:22 ........................................................................................... ~ 2s
  2026-09-16 12:24:22 ........................................................................................... ~ 2s
  2026-09-16 12:24:22 ........................................................................................... ~ 2s
  2026-09-16 12:24:22 ........................................................................................... ~ 3s
  2026-09-16 12:24:25 ........................................................................................... ~ 0s
  2026-09-16 12:24:25 ........................................................................................... ~ 0s
  2026-09-16 12:24:25 ........................................................................................... ~ 1s
  2026-09-16 12:24:25 ........................................................................................... ~ 1s
  2026-09-16 12:24:26 ........................................................................................... ~ 1s
  2026-09-16 12:24:26 ........................................................................................... ~ 1s
  2026-09-16 12:24:27 ........................................................................................... ~ 1s
  2026-09-16 12:24:28 ........................................................................................... ~ 0s
  2026-09-16 12:24:28 .......................................................................................... ~ 10s
  2026-09-16 12:24:38 ........................................................................................... ~ 0s
  2026-09-16 12:24:38 ........................................................................................... ~ 0s
  2026-09-16 12:24:38 ........................................................................................... ~ 1s
  2026-09-16 12:24:38 ........................................................................................... ~ 1s
  2026-09-16 12:24:39 ........................................................................................... ~ 1s
  2026-09-16 12:24:39 ........................................................................................... ~ 1s
  2026-09-16 12:24:40 ........................................................................................... ~ 1s
  2026-09-16 12:24:40 ........................................................................................... ~ 1s
  2026-09-16 12:24:41 ........................................................................................... ~ 0s
  2026-09-16 12:24:41 ........................................................................................... ~ 1s
  2026-09-16 12:24:41 ........................................................................................... ~ 1s
  2026-09-16 12:24:42 ........................................................................................... ~ 1s
  2026-09-16 12:24:43 ........................................................................................... ~ 0s
  2026-09-16 12:24:48 ........................................................................................... ~ 0s
  2026-09-16 12:24:48 ........................................................................................... ~ 0s
  2026-09-16 12:24:48 ........................................................................................... ~ 1s
  2026-09-16 12:24:48 ........................................................................................... ~ 1s
  2026-09-16 12:24:48 ........................................................................................... ~ 2s
  2026-09-16 12:24:48 ........................................................................................... ~ 2s
  2026-09-16 12:24:50 ........................................................................................... ~ 0s
  2026-09-16 12:24:50 ........................................................................................... ~ 1s
  2026-09-16 12:24:50 ........................................................................................... ~ 1s
  2026-09-16 12:24:51 ........................................................................................... ~ 1s
  2026-09-16 12:24:51 ........................................................................................... ~ 1s
  2026-09-16 12:24:52 ........................................................................................... ~ 0s
  2026-09-16 12:25:59 ........................................................................................... ~ 1s
  2026-09-16 12:26:00 ........................................................................................... ~ 0s
  2026-09-16 12:26:00 ........................................................................................... ~ 1s
  2026-09-16 12:26:00 ........................................................................................... ~ 1s
  2026-09-16 12:26:01 ........................................................................................... ~ 1s
  2026-09-16 12:26:01 ........................................................................................... ~ 1s
  2026-09-16 12:26:02 ........................................................................................... ~ 1s
  2026-09-16 12:26:02 ........................................................................................... ~ 1s
  2026-09-16 12:26:03 ........................................................................................... ~ 1s
  2026-09-16 12:26:03 ........................................................................................... ~ 1s
  2026-09-16 12:26:04 ........................................................................................... ~ 1s
  2026-09-16 12:26:04 ........................................................................................... ~ 1s
  2026-09-16 12:26:12 ........................................................................................... ~ 0s
  2026-09-16 12:26:12 ........................................................................................... ~ 1s
  2026-09-16 12:26:12 ........................................................................................... ~ 2s
  2026-09-16 12:26:12 ........................................................................................... ~ 2s
  2026-09-16 12:26:12 ........................................................................................... ~ 3s
  2026-09-16 12:26:12 ........................................................................................... ~ 4s
  2026-09-16 12:26:16 ........................................................................................... ~ 0s
  2026-09-16 12:26:16 ........................................................................................... ~ 1s
  2026-09-16 12:26:16 ........................................................................................... ~ 1s
  2026-09-16 12:26:17 ........................................................................................... ~ 1s
  2026-09-16 12:26:17 ........................................................................................... ~ 1s
  2026-09-16 12:26:18 ........................................................................................... ~ 0s
  2026-09-16 12:26:18 ........................................................................................... ~ 0s
  2026-09-16 12:26:18 ........................................................................................... ~ 1s
  2026-09-16 12:26:18 ........................................................................................... ~ 1s
  2026-09-16 12:26:19 ........................................................................................... ~ 1s
  2026-09-16 12:26:19 ........................................................................................... ~ 1s
  2026-09-16 12:26:20 ........................................................................................... ~ 0s
  2026-09-16 12:26:20 ........................................................................................... ~ 1s
  2026-09-16 12:26:20 ........................................................................................... ~ 1s
  2026-09-16 12:26:21 ........................................................................................... ~ 1s
  2026-09-16 12:26:21 ........................................................................................... ~ 1s
  2026-09-16 12:26:22 ........................................................................................... ~ 1s
  2026-09-16 12:26:22 ........................................................................................... ~ 1s
  2026-09-16 12:26:44 ........................................................................................... ~ 1s
  2026-09-16 12:26:45 ........................................................................................... ~ 0s
  2026-09-16 12:26:45 ........................................................................................... ~ 1s
  2026-09-16 12:26:45 ........................................................................................... ~ 1s
  2026-09-16 12:26:46 ........................................................................................... ~ 0s
  2026-09-16 12:26:46 ........................................................................................... ~ 1s
  2026-09-16 12:26:46 ........................................................................................... ~ 1s
  2026-09-16 12:26:47 ........................................................................................... ~ 1s
  2026-09-16 12:26:47 ........................................................................................... ~ 1s
  2026-09-16 12:26:48 ........................................................................................... ~ 1s
  2026-09-16 12:26:48 ........................................................................................... ~ 1s
  2026-09-16 12:26:49 ........................................................................................... ~ 1s
  2026-09-16 13:28:27 ........................................................................................... ~ 1s
  2026-09-16 13:28:28 ........................................................................................... ~ 0s
  2026-09-16 13:34:22 ........................................................................................... ~ 1s
  2026-09-16 13:34:23 ........................................................................................... ~ 0s
  2026-09-16 13:39:33 ........................................................................................... ~ 1s
  2026-09-16 13:39:34 ........................................................................................... ~ 1s
  2026-09-16 13:39:35 ........................................................................................... ~ 0s
  2026-09-16 13:39:35 ........................................................................................... ~ 1s
  2026-09-16 13:39:35 ........................................................................................... ~ 1s
  2026-09-16 13:39:36 ........................................................................................... ~ 1s
  2026-09-16 13:39:36 ........................................................................................... ~ 1s
  2026-09-16 13:39:38 ........................................................................................... ~ 0s
  2026-09-16 13:39:38 ........................................................................................... ~ 0s
  2026-09-16 13:39:39 ........................................................................................... ~ 0s
  2026-09-16 13:39:39 ........................................................................................... ~ 1s
  2026-09-16 13:39:40 ........................................................................................... ~ 0s
  2026-09-16 13:39:40 ........................................................................................... ~ 1s
  2026-09-16 13:39:40 ........................................................................................... ~ 1s
  2026-09-16 13:39:40 ........................................................................................... ~ 2s
  2026-09-16 13:39:41 ........................................................................................... ~ 1s
  2026-09-16 13:39:42 ........................................................................................... ~ 1s
  2026-09-16 13:39:42 ........................................................................................... ~ 1s
  2026-09-16 13:39:43 ........................................................................................... ~ 1s
  2026-09-16 13:39:44 .......................................................................................... ~ 27s
  2026-09-16 13:40:11 ........................................................................................... ~ 0s
  2026-09-16 13:40:11 ........................................................................................... ~ 0s
  2026-09-16 13:40:11 ........................................................................................... ~ 1s
  2026-09-16 13:40:11 ........................................................................................... ~ 1s
  2026-09-16 13:40:12 ........................................................................................... ~ 0s
  2026-09-16 13:40:12 ........................................................................................... ~ 1s
  2026-09-16 13:40:12 ........................................................................................... ~ 1s
  2026-09-16 13:40:13 ........................................................................................... ~ 1s
  2026-09-16 13:40:13 ........................................................................................... ~ 1s
  2026-09-16 13:40:14 ........................................................................................... ~ 0s
  2026-09-16 13:40:14 ........................................................................................... ~ 1s
  2026-09-16 13:41:40 ........................................................................................... ~ 0s
  2026-09-16 13:41:40 ........................................................................................... ~ 1s
  2026-09-16 13:41:40 ........................................................................................... ~ 1s
  2026-09-16 13:41:41 ........................................................................................... ~ 0s
  2026-09-16 13:41:41 ........................................................................................... ~ 1s
  2026-09-16 13:41:41 ........................................................................................... ~ 1s
  2026-09-16 13:41:42 ........................................................................................... ~ 1s
  2026-09-16 13:41:42 ........................................................................................... ~ 1s
  2026-09-16 13:42:12 ........................................................................................... ~ 0s
  2026-09-16 13:42:12 ........................................................................................... ~ 1s
  2026-09-16 13:42:12 ........................................................................................... ~ 1s
  2026-09-16 13:42:13 ........................................................................................... ~ 1s
  2026-09-16 13:42:19 ........................................................................................... ~ 1s
  2026-09-16 13:42:19 ........................................................................................... ~ 1s
  2026-09-16 13:42:20 ........................................................................................... ~ 0s
  2026-09-16 13:42:20 ........................................................................................... ~ 1s
  2026-09-16 13:42:24 ........................................................................................... ~ 0s
  2026-09-16 13:42:24 ........................................................................................... ~ 0s
  2026-09-16 13:42:24 ........................................................................................... ~ 1s
  2026-09-16 13:42:24 ........................................................................................... ~ 1s
  2026-09-16 13:42:24 ........................................................................................... ~ 1s
  2026-09-16 13:42:24 ........................................................................................... ~ 2s
  2026-09-16 13:42:26 ........................................................................................... ~ 0s
  2026-09-16 13:42:26 ........................................................................................... ~ 0s
  2026-09-16 13:42:26 ........................................................................................... ~ 1s
  2026-09-16 13:42:26 ........................................................................................... ~ 1s
  2026-09-16 13:42:27 ........................................................................................... ~ 1s
  2026-09-16 13:42:27 ........................................................................................... ~ 1s
  2026-09-16 13:42:39 ........................................................................................... ~ 0s
  2026-09-16 13:42:39 ........................................................................................... ~ 1s
  2026-09-16 13:42:39 ........................................................................................... ~ 1s
  2026-09-16 13:42:40 ........................................................................................... ~ 1s
  2026-09-16 13:42:40 ........................................................................................... ~ 1s
  2026-09-16 13:42:41 ........................................................................................... ~ 1s
  2026-09-16 13:42:41 ........................................................................................... ~ 1s
  2026-09-16 13:42:42 ........................................................................................... ~ 0s
  2026-09-16 13:42:42 ........................................................................................... ~ 1s
  2026-09-16 13:42:42 ........................................................................................... ~ 2s
  2026-09-16 13:42:43 ........................................................................................... ~ 1s
  2026-09-16 13:42:44 ........................................................................................... ~ 0s
  2026-09-16 13:42:44 ........................................................................................... ~ 1s
  2026-09-16 13:42:44 ........................................................................................... ~ 1s
  2026-09-16 13:42:45 ........................................................................................... ~ 1s
  2026-09-16 13:42:46 ........................................................................................... ~ 0s
  2026-09-16 13:44:40 ........................................................................................... ~ 0s
  2026-09-16 13:44:40 ........................................................................................... ~ 0s
  2026-09-16 13:44:40 ........................................................................................... ~ 1s
  2026-09-16 13:44:41 ........................................................................................... ~ 0s
  2026-09-16 13:44:45 ........................................................................................... ~ 1s
  2026-09-16 13:44:45 ........................................................................................... ~ 1s
  2026-09-16 13:44:45 ........................................................................................... ~ 2s
  2026-09-16 13:44:45 ........................................................................................... ~ 2s
  2026-09-16 13:44:46 ........................................................................................... ~ 2s
  2026-09-16 13:44:47 ........................................................................................... ~ 1s
  2026-09-16 13:44:48 ........................................................................................... ~ 1s
  2026-09-16 13:44:48 ........................................................................................... ~ 1s
  2026-09-16 13:44:49 ........................................................................................... ~ 1s
  2026-09-16 13:44:49 ........................................................................................... ~ 1s
  2026-09-16 13:44:50 ........................................................................................... ~ 1s
  2026-09-16 13:44:50 ........................................................................................... ~ 1s
  2026-09-16 13:44:59 ........................................................................................... ~ 0s
  2026-09-16 13:44:59 ........................................................................................... ~ 1s
  2026-09-16 13:45:00 ........................................................................................... ~ 0s
  2026-09-16 13:45:00 ........................................................................................... ~ 1s
  2026-09-16 13:45:01 ........................................................................................... ~ 1s
  2026-09-16 13:45:02 ........................................................................................... ~ 0s
  2026-09-16 13:45:02 ........................................................................................... ~ 1s
  2026-09-16 13:45:02 ........................................................................................... ~ 1s
  2026-09-16 13:45:03 ........................................................................................... ~ 0s
  2026-09-16 13:45:03 ........................................................................................... ~ 1s
  2026-09-16 13:45:03 ........................................................................................... ~ 1s
  2026-09-16 13:45:04 ........................................................................................... ~ 1s
  2026-09-16 13:45:04 ........................................................................................... ~ 1s
  2026-09-16 13:45:05 ........................................................................................... ~ 1s
  2026-09-16 13:45:05 ........................................................................................... ~ 1s
  2026-09-16 13:45:06 ........................................................................................... ~ 1s
  2026-09-16 13:45:06 ........................................................................................... ~ 1s
  2026-09-16 13:45:07 ........................................................................................... ~ 1s
  2026-09-16 13:45:07 ........................................................................................... ~ 1s
  2026-09-16 13:45:08 ........................................................................................... ~ 0s
  2026-09-16 13:45:08 ........................................................................................... ~ 0s
  2026-09-16 13:45:08 ........................................................................................... ~ 1s
  2026-09-16 13:45:08 ........................................................................................... ~ 1s
  2026-09-16 13:45:09 ........................................................................................... ~ 0s
  2026-09-16 13:45:09 ........................................................................................... ~ 1s
  2026-09-16 13:45:09 ........................................................................................... ~ 1s
  2026-09-16 13:45:10 ........................................................................................... ~ 1s
  2026-09-16 13:45:10 ........................................................................................... ~ 1s
  2026-09-16 13:45:11 ........................................................................................... ~ 1s
  2026-09-16 13:45:11 ........................................................................................... ~ 1s
  2026-09-16 14:05:44 ........................................................................................... ~ 1s
  2026-09-16 14:05:44 ........................................................................................... ~ 1s
  2026-09-16 14:05:44 ........................................................................................... ~ 2s
  2026-09-16 14:05:44 ........................................................................................... ~ 2s
  2026-09-16 14:05:44 ........................................................................................... ~ 3s
  2026-09-16 14:05:44 ........................................................................................... ~ 3s
  2026-09-16 14:05:47 ........................................................................................... ~ 0s
  2026-09-16 14:05:47 ........................................................................................... ~ 1s
  2026-09-16 14:05:47 ........................................................................................... ~ 1s
  2026-09-16 14:05:48 ........................................................................................... ~ 1s
  2026-09-16 14:05:48 ........................................................................................... ~ 1s
  2026-09-16 14:05:49 ........................................................................................... ~ 1s
  2026-09-16 14:05:53 ........................................................................................... ~ 0s
  2026-09-16 14:05:53 ........................................................................................... ~ 1s
  2026-09-16 14:05:53 ........................................................................................... ~ 1s
  2026-09-16 14:05:54 ........................................................................................... ~ 0s
  2026-09-16 14:05:54 ........................................................................................... ~ 1s
  2026-09-16 14:05:54 ........................................................................................... ~ 1s
  2026-09-16 14:05:55 ........................................................................................... ~ 1s
  2026-09-16 14:05:55 ........................................................................................... ~ 1s
  2026-09-16 14:06:00 ........................................................................................... ~ 0s
  2026-09-16 14:06:00 ........................................................................................... ~ 1s
  2026-09-16 14:06:00 ........................................................................................... ~ 1s
  2026-09-16 14:06:01 ........................................................................................... ~ 1s
  2026-09-16 14:06:01 ........................................................................................... ~ 1s
  2026-09-16 14:06:02 ........................................................................................... ~ 1s
  2026-09-16 14:06:02 ........................................................................................... ~ 1s
  2026-09-16 14:06:03 ........................................................................................... ~ 1s
  2026-09-16 14:06:03 ........................................................................................... ~ 1s
  2026-09-16 14:06:04 ........................................................................................... ~ 1s
  2026-09-16 14:06:04 ........................................................................................... ~ 1s
  2026-09-16 14:06:05 ........................................................................................... ~ 0s
  2026-09-16 14:06:41 ........................................................................................... ~ 1s
  2026-09-16 14:06:41 ........................................................................................... ~ 2s
  2026-09-16 14:06:41 ........................................................................................... ~ 2s
  2026-09-16 14:06:41 ........................................................................................... ~ 2s
  2026-09-16 14:06:42 ........................................................................................... ~ 2s
  2026-09-16 14:06:43 ........................................................................................... ~ 1s
  2026-09-16 14:06:44 ........................................................................................... ~ 1s
  2026-09-16 14:06:44 ........................................................................................... ~ 1s
  2026-09-16 14:06:45 ........................................................................................... ~ 0s
  2026-09-16 14:06:45 ........................................................................................... ~ 1s
  2026-09-16 14:06:45 ........................................................................................... ~ 1s
  2026-09-16 14:06:46 ........................................................................................... ~ 0s
  2026-09-16 14:06:46 ........................................................................................... ~ 1s
  2026-09-16 14:06:46 ........................................................................................... ~ 1s
  2026-09-16 14:06:47 ........................................................................................... ~ 1s
  2026-09-16 14:06:47 ........................................................................................... ~ 1s
  2026-09-16 14:06:48 ........................................................................................... ~ 1s
  2026-09-16 14:06:48 ........................................................................................... ~ 1s
  2026-09-16 14:06:49 ........................................................................................... ~ 0s
  2026-09-16 14:06:49 ........................................................................................... ~ 1s
  2026-09-16 14:07:23 ........................................................................................... ~ 0s
  2026-09-16 14:07:23 ........................................................................................... ~ 1s
  2026-09-16 14:07:23 ........................................................................................... ~ 2s
  2026-09-16 14:07:24 ........................................................................................... ~ 1s
  2026-09-16 14:07:25 ........................................................................................... ~ 0s
  2026-09-16 14:07:25 ........................................................................................... ~ 1s
  2026-09-16 14:07:25 ........................................................................................... ~ 1s
  2026-09-16 14:07:26 ........................................................................................... ~ 1s
  2026-09-16 14:07:26 ........................................................................................... ~ 1s
  2026-09-16 14:07:27 ........................................................................................... ~ 1s
  2026-09-16 14:07:27 ........................................................................................... ~ 1s
  2026-09-16 14:07:28 ........................................................................................... ~ 0s
  2026-09-16 14:12:43 ........................................................................................... ~ 1s
  2026-09-16 14:12:43 ........................................................................................... ~ 2s
  2026-09-16 14:12:43 ........................................................................................... ~ 2s
  2026-09-16 14:12:43 ........................................................................................... ~ 3s
  2026-09-16 14:12:43 ........................................................................................... ~ 3s
  2026-09-16 14:12:43 ........................................................................................... ~ 3s
  2026-09-16 14:12:46 ........................................................................................... ~ 1s
  2026-09-16 14:12:46 ........................................................................................... ~ 1s
  2026-09-16 14:12:47 ........................................................................................... ~ 1s
  2026-09-16 14:12:47 ........................................................................................... ~ 1s
  2026-09-16 14:12:48 ........................................................................................... ~ 0s
  2026-09-16 14:12:48 ........................................................................................... ~ 1s
  2026-09-16 14:12:48 ........................................................................................... ~ 2s
  2026-09-16 14:12:49 ........................................................................................... ~ 1s
  2026-09-16 14:12:58 ........................................................................................... ~ 0s
  2026-09-16 14:12:58 ........................................................................................... ~ 1s
  2026-09-16 14:12:58 ........................................................................................... ~ 1s
  2026-09-16 14:12:58 ........................................................................................... ~ 2s
  2026-09-16 14:12:58 ........................................................................................... ~ 3s
  2026-09-16 14:12:58 ........................................................................................... ~ 3s
  2026-09-16 14:13:01 ........................................................................................... ~ 1s
  2026-09-16 14:13:01 ........................................................................................... ~ 2s
  2026-09-16 14:13:02 ........................................................................................... ~ 1s
  2026-09-16 14:13:03 ........................................................................................... ~ 0s
  2026-09-16 14:13:03 ........................................................................................... ~ 1s
  2026-09-16 14:13:03 ........................................................................................... ~ 1s
  2026-09-16 14:13:04 ........................................................................................... ~ 0s
  2026-09-16 14:13:04 ........................................................................................... ~ 1s
  2026-09-16 14:13:04 ........................................................................................... ~ 1s
  2026-09-16 14:13:05 ........................................................................................... ~ 1s
  2026-09-16 14:13:05 ........................................................................................... ~ 2s
  2026-09-16 14:13:06 ........................................................................................... ~ 1s
  2026-09-16 14:13:07 ........................................................................................... ~ 1s
  2026-09-16 14:13:07 ........................................................................................... ~ 1s
  2026-09-16 14:13:09 ........................................................................................... ~ 1s
  2026-09-16 14:13:10 ........................................................................................... ~ 0s
  2026-09-16 14:13:10 ........................................................................................... ~ 0s
  2026-09-16 14:13:10 ........................................................................................... ~ 1s
  2026-09-16 14:13:10 ........................................................................................... ~ 2s
  2026-09-16 14:13:11 ........................................................................................... ~ 1s
  2026-09-16 14:13:12 ........................................................................................... ~ 1s
  2026-09-16 14:13:12 ........................................................................................... ~ 2s
  2026-09-16 14:13:13 ........................................................................................... ~ 1s
  2026-09-16 14:13:14 ........................................................................................... ~ 0s
  2026-09-16 14:13:14 ........................................................................................... ~ 1s
  2026-09-16 14:13:14 ........................................................................................... ~ 1s
  2026-09-16 14:13:19 ........................................................................................... ~ 0s
  2026-09-16 14:13:19 ........................................................................................... ~ 1s
  2026-09-16 14:13:19 ........................................................................................... ~ 2s
  2026-09-16 14:13:20 ........................................................................................... ~ 2s
  2026-09-16 14:13:21 ........................................................................................... ~ 1s
  2026-09-16 14:13:22 ........................................................................................... ~ 1s
  2026-09-16 14:13:22 ........................................................................................... ~ 1s
  2026-09-16 14:13:23 ........................................................................................... ~ 1s
  2026-09-16 14:13:23 ........................................................................................... ~ 1s
  2026-09-16 14:13:24 ........................................................................................... ~ 0s
  2026-09-16 14:13:24 ........................................................................................... ~ 1s
  2026-09-16 14:13:24 ........................................................................................... ~ 1s
  2026-09-16 14:13:25 ........................................................................................... ~ 0s
  2026-09-16 14:13:25 ........................................................................................... ~ 1s
  2026-09-16 14:13:25 ........................................................................................... ~ 1s
  2026-09-16 14:13:26 ........................................................................................... ~ 1s
  2026-09-16 14:13:26 ........................................................................................... ~ 1s
  2026-09-16 14:13:27 ........................................................................................... ~ 1s
  2026-09-16 14:13:27 ........................................................................................... ~ 1s
  2026-09-16 14:13:28 ........................................................................................... ~ 1s
  2026-09-16 14:13:31 ........................................................................................... ~ 0s
  2026-09-16 14:13:31 ........................................................................................... ~ 1s
  2026-09-16 14:13:31 ........................................................................................... ~ 2s
  2026-09-16 14:13:31 ........................................................................................... ~ 2s
  2026-09-16 14:13:31 ........................................................................................... ~ 3s
  2026-09-16 14:13:31 ........................................................................................... ~ 3s
  2026-09-16 14:13:34 ........................................................................................... ~ 1s
  2026-09-16 14:13:34 ........................................................................................... ~ 1s
  2026-09-16 14:13:35 ........................................................................................... ~ 1s
  2026-09-16 14:13:35 ........................................................................................... ~ 1s
  2026-09-16 14:13:36 ........................................................................................... ~ 1s
  2026-09-16 14:13:36 ........................................................................................... ~ 1s
  2026-09-16 14:20:28 ........................................................................................... ~ 0s
  2026-09-16 14:20:28 ........................................................................................... ~ 1s
  2026-09-16 14:20:28 ........................................................................................... ~ 1s
  2026-09-16 14:20:28 ........................................................................................... ~ 2s
  2026-09-16 14:20:28 ........................................................................................... ~ 2s
  2026-09-16 14:20:28 ........................................................................................... ~ 3s
  2026-09-16 14:20:30 ........................................................................................... ~ 1s
  2026-09-16 14:20:31 ........................................................................................... ~ 1s
  2026-09-16 14:20:31 ........................................................................................... ~ 2s
  2026-09-16 14:20:32 ........................................................................................... ~ 1s
  2026-09-16 14:20:33 ........................................................................................... ~ 0s
  2026-09-16 14:20:33 ........................................................................................... ~ 1s
  2026-09-16 14:20:33 ........................................................................................... ~ 1s
  2026-09-16 14:20:34 ........................................................................................... ~ 1s
  2026-09-16 14:20:35 ........................................................................................... ~ 0s
  2026-09-16 14:20:35 ........................................................................................... ~ 1s
  2026-09-16 14:20:36 ........................................................................................... ~ 0s
  2026-09-16 14:20:37 ........................................................................................... ~ 0s
  2026-09-16 14:20:37 ........................................................................................... ~ 0s
  2026-09-16 14:20:37 ........................................................................................... ~ 1s
  2026-09-16 14:20:37 ........................................................................................... ~ 1s
  2026-09-16 14:20:38 ........................................................................................... ~ 1s
  2026-09-16 14:20:38 ........................................................................................... ~ 1s
  2026-09-16 14:20:39 ........................................................................................... ~ 0s
  2026-09-16 14:20:39 ........................................................................................... ~ 0s
  2026-09-16 14:20:39 ........................................................................................... ~ 1s
  2026-09-16 14:20:39 ........................................................................................... ~ 2s
  2026-09-16 14:20:40 ........................................................................................... ~ 1s
  2026-09-16 14:20:41 ........................................................................................... ~ 0s
  2026-09-16 14:20:41 ........................................................................................... ~ 1s
  2026-09-16 14:20:42 ........................................................................................... ~ 1s
  2026-09-16 14:20:43 ........................................................................................... ~ 0s
  2026-09-16 14:20:43 ........................................................................................... ~ 0s
  2026-09-16 14:20:43 ........................................................................................... ~ 1s
  2026-09-16 14:20:43 ........................................................................................... ~ 1s
  2026-09-16 14:20:44 ........................................................................................... ~ 1s
  2026-09-16 14:20:44 ........................................................................................... ~ 1s
  2026-09-16 14:20:45 ........................................................................................... ~ 1s
  2026-09-16 14:20:45 ........................................................................................... ~ 1s
  2026-09-16 14:20:46 ........................................................................................... ~ 1s
  2026-09-16 14:20:46 ........................................................................................... ~ 1s
  2026-09-16 14:20:47 ........................................................................................... ~ 0s
  2026-09-16 14:20:51 ........................................................................................... ~ 0s
  2026-09-16 14:20:51 ........................................................................................... ~ 1s
  2026-09-16 14:20:51 ........................................................................................... ~ 1s
  2026-09-16 14:20:52 ........................................................................................... ~ 0s
  2026-09-16 14:22:05 ........................................................................................... ~ 1s
  2026-09-16 14:22:06 ........................................................................................... ~ 0s
  2026-09-16 14:22:06 ........................................................................................... ~ 1s
  2026-09-16 14:22:07 ........................................................................................... ~ 0s
  2026-09-16 14:23:08 ........................................................................................... ~ 1s
  2026-09-16 14:23:09 ........................................................................................... ~ 0s
  2026-09-16 14:23:09 ........................................................................................... ~ 1s
  2026-09-16 14:23:10 ........................................................................................... ~ 1s
  2026-09-16 14:23:14 ........................................................................................... ~ 1s
  2026-09-16 14:23:14 ........................................................................................... ~ 2s
  2026-09-16 14:23:15 ........................................................................................... ~ 2s
  2026-09-16 14:23:17 ........................................................................................... ~ 1s
  2026-09-16 14:24:47 ........................................................................................... ~ 0s
  2026-09-16 14:24:47 ........................................................................................... ~ 1s
  2026-09-16 14:24:47 ........................................................................................... ~ 1s
  2026-09-16 14:24:48 ........................................................................................... ~ 1s
  2026-09-16 14:27:13 ........................................................................................... ~ 0s
  2026-09-16 14:27:13 ........................................................................................... ~ 1s
  2026-09-16 14:27:13 ........................................................................................... ~ 1s
  2026-09-16 14:27:13 ........................................................................................... ~ 1s
  2026-09-16 14:27:14 ........................................................................................... ~ 1s
  2026-09-16 14:27:14 ........................................................................................... ~ 1s
  2026-09-16 14:27:15 ........................................................................................... ~ 1s
  2026-09-16 14:27:15 ........................................................................................... ~ 1s
  2026-09-16 14:27:16 ........................................................................................... ~ 1s
  2026-09-16 14:27:16 ........................................................................................... ~ 1s
  2026-09-16 14:27:17 ........................................................................................... ~ 0s
  2026-09-16 14:27:17 ........................................................................................... ~ 1s
  2026-09-16 14:27:17 ........................................................................................... ~ 1s
  2026-09-16 14:27:18 ........................................................................................... ~ 1s
  2026-09-16 14:27:18 ........................................................................................... ~ 1s
  2026-09-16 14:27:19 ........................................................................................... ~ 0s
  2026-09-16 14:27:19 ........................................................................................... ~ 1s
  2026-09-16 14:27:19 ........................................................................................... ~ 1s
  2026-09-16 14:27:38 ........................................................................................... ~ 1s
  2026-09-16 14:27:38 ........................................................................................... ~ 1s
  2026-09-16 14:27:38 ........................................................................................... ~ 2s
  2026-09-16 14:27:38 ........................................................................................... ~ 2s
  2026-09-16 14:27:38 ........................................................................................... ~ 3s
  2026-09-16 14:27:39 ........................................................................................... ~ 2s
  2026-09-16 14:27:41 ........................................................................................... ~ 1s
  2026-09-16 14:27:41 ........................................................................................... ~ 1s
  2026-09-16 14:27:42 ........................................................................................... ~ 0s
  2026-09-16 14:27:42 ........................................................................................... ~ 1s
  2026-09-16 14:27:42 ........................................................................................... ~ 1s
  2026-09-16 14:27:43 ........................................................................................... ~ 1s
  2026-09-16 14:28:16 ........................................................................................... ~ 0s
  2026-09-16 14:28:16 ........................................................................................... ~ 1s
  2026-09-16 14:28:16 ........................................................................................... ~ 2s
  2026-09-16 14:28:18 ........................................................................................... ~ 0s
  2026-09-16 14:28:24 ........................................................................................... ~ 1s
  2026-09-16 14:28:25 ........................................................................................... ~ 1s
  2026-09-16 14:28:25 ........................................................................................... ~ 1s
  2026-09-16 14:28:26 ........................................................................................... ~ 1s
  2026-09-16 14:29:21 ........................................................................................... ~ 1s
  2026-09-16 14:29:21 ........................................................................................... ~ 1s
  2026-09-16 14:29:22 ........................................................................................... ~ 1s
  2026-09-16 14:29:23 ........................................................................................... ~ 0s
  2026-09-16 14:34:09 ........................................................................................... ~ 1s
  2026-09-16 14:34:09 ........................................................................................... ~ 1s
  2026-09-16 14:34:10 ........................................................................................... ~ 0s
  2026-09-16 14:34:10 ........................................................................................... ~ 1s
  2026-09-16 14:38:03 ........................................................................................... ~ 1s
  2026-09-16 14:38:04 ........................................................................................... ~ 0s
  2026-09-16 14:42:56 ........................................................................................... ~ 1s
  2026-09-16 14:42:57 ........................................................................................... ~ 1s
  2026-09-16 14:42:57 ........................................................................................... ~ 1s
  2026-09-16 14:43:50 ........................................................................................... ~ 1s
  2026-09-16 14:43:51 ........................................................................................... ~ 1s
  2026-09-16 14:43:51 ........................................................................................... ~ 1s
  2026-09-16 14:43:52 ........................................................................................... ~ 1s
  2026-09-16 14:43:52 ........................................................................................... ~ 1s
  2026-09-16 14:43:53 ........................................................................................... ~ 1s
  2026-09-16 14:43:53 ........................................................................................... ~ 1s
  2026-09-16 14:43:54 ........................................................................................... ~ 1s
  2026-09-16 14:43:55 ........................................................................................... ~ 0s
  2026-09-16 14:43:56 ........................................................................................... ~ 0s
  2026-09-16 14:43:56 ........................................................................................... ~ 1s
  2026-09-16 14:43:57 ........................................................................................... ~ 1s
  2026-09-16 14:43:57 ........................................................................................... ~ 1s
  2026-09-16 14:43:57 ........................................................................................... ~ 2s
  2026-09-16 14:43:58 ........................................................................................... ~ 1s
  2026-09-16 14:43:59 ........................................................................................... ~ 1s
  2026-09-16 14:43:59 ........................................................................................... ~ 2s
  2026-09-16 14:44:00 ........................................................................................... ~ 1s
  2026-09-16 14:44:01 ........................................................................................... ~ 1s
  2026-09-16 14:44:02 .......................................................................................... ~ 96s
  2026-09-16 14:46:05 ........................................................................................... ~ 1s
  2026-09-16 14:46:05 ........................................................................................... ~ 2s
  2026-09-16 14:46:06 ........................................................................................... ~ 1s
  2026-09-16 14:46:07 ........................................................................................... ~ 1s
  2026-09-16 14:46:07 ........................................................................................... ~ 2s
  2026-09-16 14:46:09 ........................................................................................... ~ 0s
  2026-09-16 14:46:10 ........................................................................................... ~ 0s
  2026-09-16 14:46:10 ........................................................................................... ~ 1s
  2026-09-16 14:46:11 ........................................................................................... ~ 1s
  2026-09-16 14:46:12 ........................................................................................... ~ 1s
  2026-09-16 14:46:13 ........................................................................................... ~ 1s
  2026-09-16 14:46:13 ........................................................................................... ~ 1s
  2026-09-16 14:46:13 ........................................................................................... ~ 2s
  2026-09-16 14:46:13 ........................................................................................... ~ 2s
  2026-09-16 14:46:13 ........................................................................................... ~ 3s
  2026-09-16 14:46:13 ........................................................................................... ~ 3s
  2026-09-16 14:46:16 ........................................................................................... ~ 1s
  2026-09-16 14:46:16 ........................................................................................... ~ 1s
  2026-09-16 14:46:17 ........................................................................................... ~ 1s
  2026-09-16 14:46:17 ........................................................................................... ~ 2s
  2026-09-16 14:46:18 ........................................................................................... ~ 1s
  2026-09-16 14:46:19 ........................................................................................... ~ 1s
  2026-09-16 14:48:13 ........................................................................................... ~ 0s
  2026-09-16 14:48:13 ........................................................................................... ~ 1s
  2026-09-16 14:48:13 ........................................................................................... ~ 2s
  2026-09-16 14:48:14 ........................................................................................... ~ 1s
  2026-09-16 14:48:15 ........................................................................................... ~ 1s
  2026-09-16 14:48:16 ........................................................................................... ~ 0s
  2026-09-16 14:48:17 ........................................................................................... ~ 0s
  2026-09-16 14:48:17 ........................................................................................... ~ 1s
  2026-09-16 14:48:18 ........................................................................................... ~ 0s
  2026-09-16 14:48:18 ........................................................................................... ~ 1s
  2026-09-16 14:48:19 ........................................................................................... ~ 1s
  2026-09-16 14:48:19 ........................................................................................... ~ 1s
  2026-09-16 14:48:20 ........................................................................................... ~ 1s
  2026-09-16 14:48:20 ........................................................................................... ~ 1s
  2026-09-16 14:48:21 ........................................................................................... ~ 0s
  2026-09-16 14:48:21 ........................................................................................... ~ 1s
  2026-09-16 14:48:21 ........................................................................................... ~ 1s
  2026-09-16 14:48:22 ........................................................................................... ~ 1s
  2026-09-16 14:48:22 ........................................................................................... ~ 1s
  2026-09-16 14:48:23 ........................................................................................... ~ 1s
  2026-09-16 14:48:23 ........................................................................................... ~ 1s
  2026-09-16 14:48:24 ........................................................................................... ~ 0s
  2026-09-16 14:48:28 ........................................................................................... ~ 0s
  2026-09-16 14:48:28 ........................................................................................... ~ 0s
  2026-09-16 14:48:28 ........................................................................................... ~ 1s
  2026-09-16 14:48:28 ........................................................................................... ~ 1s
  2026-09-16 14:48:28 ........................................................................................... ~ 2s
  2026-09-16 14:48:29 ........................................................................................... ~ 1s
  2026-09-16 14:48:30 ........................................................................................... ~ 1s
  2026-09-16 14:48:30 ........................................................................................... ~ 1s
  2026-09-16 14:48:31 ........................................................................................... ~ 1s
  2026-09-16 14:48:31 ........................................................................................... ~ 1s
  2026-09-16 14:48:32 ........................................................................................... ~ 1s
  2026-09-16 14:48:32 ........................................................................................... ~ 1s
  2026-09-16 14:50:06 ........................................................................................... ~ 1s
  2026-09-16 14:50:06 ........................................................................................... ~ 1s
  2026-09-16 14:50:06 ........................................................................................... ~ 2s
  2026-09-16 14:50:07 ........................................................................................... ~ 1s
  2026-09-16 14:50:08 ........................................................................................... ~ 1s
  2026-09-16 14:50:08 ........................................................................................... ~ 1s
  2026-09-16 14:50:09 ........................................................................................... ~ 1s
  2026-09-16 14:50:09 ........................................................................................... ~ 1s
  2026-09-16 14:50:10 ........................................................................................... ~ 1s
  2026-09-16 14:50:10 ........................................................................................... ~ 1s
  2026-09-16 14:50:11 ........................................................................................... ~ 1s
  2026-09-16 14:50:11 ........................................................................................... ~ 2s
  2026-09-16 14:51:03 ........................................................................................... ~ 1s
  2026-09-16 14:51:04 ........................................................................................... ~ 1s
  2026-09-16 14:51:04 ........................................................................................... ~ 1s
  2026-09-16 14:51:05 ........................................................................................... ~ 1s
  2026-09-16 14:53:26 ........................................................................................... ~ 0s
  2026-09-16 14:53:26 ........................................................................................... ~ 1s
  2026-09-16 14:53:26 ........................................................................................... ~ 1s
  2026-09-16 14:53:27 ........................................................................................... ~ 0s
  2026-09-16 14:54:52 ........................................................................................... ~ 1s
  2026-09-16 14:54:52 ........................................................................................... ~ 2s
  2026-09-16 14:54:53 ........................................................................................... ~ 1s
  2026-09-16 14:54:54 ........................................................................................... ~ 1s
  2026-09-16 14:55:44 ........................................................................................... ~ 0s
  2026-09-16 14:55:44 ........................................................................................... ~ 1s
  2026-09-16 14:55:44 ........................................................................................... ~ 1s
  2026-09-16 14:55:45 ........................................................................................... ~ 1s
  2026-09-16 14:55:53 ........................................................................................... ~ 1s
  2026-09-16 14:55:54 ........................................................................................... ~ 0s
  2026-09-16 14:55:54 ........................................................................................... ~ 1s
  2026-09-16 14:55:55 ........................................................................................... ~ 1s
  2026-09-16 14:55:58 ........................................................................................... ~ 1s
  2026-09-16 14:55:58 ........................................................................................... ~ 2s
  2026-09-16 14:55:59 ........................................................................................... ~ 1s
  2026-09-16 14:56:00 ........................................................................................... ~ 0s
  2026-09-16 14:57:03 ........................................................................................... ~ 1s
  2026-09-16 14:57:03 ........................................................................................... ~ 2s
  2026-09-16 14:57:04 ........................................................................................... ~ 1s
  2026-09-16 14:57:05 ........................................................................................... ~ 1s
  2026-09-16 14:57:30 ........................................................................................... ~ 1s
  2026-09-16 14:57:30 ........................................................................................... ~ 2s
  2026-09-16 14:57:31 ........................................................................................... ~ 1s
  2026-09-16 14:57:32 ........................................................................................... ~ 1s
  2026-09-16 14:57:35 ........................................................................................... ~ 1s
  2026-09-16 14:57:36 ........................................................................................... ~ 1s
  2026-09-16 14:57:36 ........................................................................................... ~ 2s
  2026-09-16 14:57:38 ........................................................................................... ~ 0s
  2026-09-16 14:58:08 ........................................................................................... ~ 0s
  2026-09-16 14:58:08 ........................................................................................... ~ 1s
  2026-09-16 14:58:08 ........................................................................................... ~ 1s
  2026-09-16 14:58:09 ........................................................................................... ~ 1s
  2026-09-16 15:01:21 ........................................................................................... ~ 0s
  2026-09-16 15:01:21 ........................................................................................... ~ 1s
  2026-09-16 15:01:21 ........................................................................................... ~ 1s
  2026-09-16 15:01:22 ........................................................................................... ~ 1s
  2026-09-16 15:05:45 ........................................................................................... ~ 1s
  2026-09-16 15:05:45 ........................................................................................... ~ 1s
  2026-09-16 15:05:46 ........................................................................................... ~ 0s
  2026-09-16 15:05:46 ........................................................................................... ~ 1s
  2026-09-16 15:07:58 ........................................................................................... ~ 1s
  2026-09-16 15:07:59 ........................................................................................... ~ 0s
  2026-09-16 15:07:59 ........................................................................................... ~ 1s
  2026-09-16 15:08:00 ........................................................................................... ~ 0s
  2026-09-16 15:10:31 ........................................................................................... ~ 1s
  2026-09-16 15:10:32 ........................................................................................... ~ 0s
  2026-09-16 15:10:32 ........................................................................................... ~ 1s
  2026-09-16 15:10:33 ........................................................................................... ~ 0s
  2026-09-16 15:11:08 ........................................................................................... ~ 1s
  2026-09-16 15:11:08 ........................................................................................... ~ 1s
  2026-09-16 15:11:09 ........................................................................................... ~ 1s
  2026-09-16 15:11:10 ........................................................................................... ~ 0s
  2026-09-16 15:12:05 ........................................................................................... ~ 1s
  2026-09-16 15:12:05 ........................................................................................... ~ 2s
  2026-09-16 15:12:06 ........................................................................................... ~ 1s
  2026-09-16 15:12:07 ........................................................................................... ~ 1s
  2026-09-16 15:12:21 ........................................................................................... ~ 1s
  2026-09-16 15:12:21 ........................................................................................... ~ 1s
  2026-09-16 15:12:22 ........................................................................................... ~ 1s
  2026-09-16 15:12:23 ........................................................................................... ~ 1s
  2026-09-16 15:13:36 ........................................................................................... ~ 1s
  2026-09-16 15:13:36 ........................................................................................... ~ 2s
  2026-09-16 15:13:37 ........................................................................................... ~ 1s
  2026-09-16 15:13:38 ........................................................................................... ~ 1s
  2026-09-16 15:13:49 ........................................................................................... ~ 1s
  2026-09-16 15:13:49 ........................................................................................... ~ 1s
  2026-09-16 15:13:50 ........................................................................................... ~ 1s
  2026-09-16 15:13:51 ........................................................................................... ~ 0s
  2026-09-16 15:19:15 ........................................................................................... ~ 1s
  2026-09-16 15:19:15 ........................................................................................... ~ 1s
  2026-09-16 15:19:16 ........................................................................................... ~ 1s
  2026-09-16 15:19:17 ........................................................................................... ~ 0s
  2026-09-16 15:38:06 ........................................................................................... ~ 1s
  2026-09-16 15:38:07 ........................................................................................... ~ 0s
  2026-09-16 16:03:20 ........................................................................................... ~ 1s
  2026-09-16 16:03:21 ........................................................................................... ~ 0s
  2026-09-16 16:03:21 ........................................................................................... ~ 1s
  2026-09-16 16:06:59 ........................................................................................... ~ 1s
  2026-09-16 16:07:00 ........................................................................................... ~ 1s
  2026-09-16 16:07:01 ........................................................................................... ~ 0s
  2026-09-16 16:07:01 ........................................................................................... ~ 1s
  2026-09-16 16:07:01 ........................................................................................... ~ 2s
  2026-09-16 16:07:02 ........................................................................................... ~ 1s
  2026-09-16 16:07:03 ........................................................................................... ~ 1s
  2026-09-16 16:07:03 ........................................................................................... ~ 1s
  2026-09-16 16:07:04 ........................................................................................... ~ 1s
  2026-09-16 16:07:04 ........................................................................................... ~ 1s
  2026-09-16 16:07:05 ........................................................................................... ~ 0s
  2026-09-16 16:07:05 ........................................................................................... ~ 1s
  2026-09-16 16:07:05 ........................................................................................... ~ 2s
  2026-09-16 16:07:06 ........................................................................................... ~ 1s
  2026-09-16 16:07:07 ........................................................................................... ~ 1s
  2026-09-16 16:07:07 ........................................................................................... ~ 1s
  2026-09-16 16:07:08 ........................................................................................... ~ 1s
  2026-09-16 16:07:08 ........................................................................................... ~ 1s
  2026-09-16 16:07:09 ........................................................................................... ~ 1s
  2026-09-16 16:07:09 ........................................................................................... ~ 1s
  2026-09-16 16:07:11 ........................................................................................... ~ 0s
  2026-09-16 16:07:11 ........................................................................................... ~ 0s
  2026-09-16 16:07:12 ........................................................................................... ~ 0s
  2026-09-16 16:07:12 ........................................................................................... ~ 0s
  2026-09-16 16:07:12 ........................................................................................... ~ 1s
  2026-09-16 16:07:12 ........................................................................................... ~ 1s
  2026-09-16 16:07:13 ........................................................................................... ~ 0s
  2026-09-16 16:07:13 ........................................................................................... ~ 1s
  2026-09-16 16:07:13 ........................................................................................... ~ 1s
  2026-09-16 16:07:14 ........................................................................................... ~ 0s
  2026-09-16 16:07:14 ........................................................................................... ~ 1s
  2026-09-16 16:07:14 ........................................................................................... ~ 1s
  2026-09-16 16:07:15 ........................................................................................... ~ 1s
  2026-09-16 16:07:15 ........................................................................................... ~ 1s
  2026-09-16 16:07:16 ........................................................................................... ~ 1s
  2026-09-16 16:07:37 ........................................................................................... ~ 1s
  2026-09-16 16:07:37 ........................................................................................... ~ 1s
  2026-09-16 16:07:37 ........................................................................................... ~ 1s
  2026-09-16 16:07:37 ........................................................................................... ~ 2s
  2026-09-16 16:07:37 ........................................................................................... ~ 2s
  2026-09-16 16:07:38 ........................................................................................... ~ 1s
  2026-09-16 16:07:39 ........................................................................................... ~ 1s
  2026-09-16 16:07:39 ........................................................................................... ~ 1s
  2026-09-16 16:07:40 ........................................................................................... ~ 1s
  2026-09-16 16:07:40 ........................................................................................... ~ 1s
  2026-09-16 16:32:42 ........................................................................................... ~ 1s
  2026-09-16 16:32:42 ........................................................................................... ~ 2s
  2026-09-16 16:32:43 ........................................................................................... ~ 2s
  2026-09-16 16:32:44 ........................................................................................... ~ 2s
  2026-09-16 16:32:45 ........................................................................................... ~ 1s
  2026-09-16 16:32:46 ........................................................................................... ~ 1s
  2026-09-16 16:32:46 ........................................................................................... ~ 2s
  2026-09-16 16:32:47 ........................................................................................... ~ 1s
  2026-09-16 16:33:23 ........................................................................................... ~ 0s
  2026-09-16 16:33:23 ........................................................................................... ~ 1s
  2026-09-16 16:33:23 ........................................................................................... ~ 2s
  2026-09-16 16:33:25 ........................................................................................... ~ 1s
  2026-09-16 16:33:27 ........................................................................................... ~ 1s
  2026-09-16 16:33:27 ........................................................................................... ~ 1s
  2026-09-16 16:33:27 ........................................................................................... ~ 2s
  2026-09-16 16:33:29 ........................................................................................... ~ 1s
  2026-09-16 16:33:45 ........................................................................................... ~ 0s
  2026-09-16 16:33:45 ........................................................................................... ~ 1s
  2026-09-16 16:34:04 ........................................................................................... ~ 1s
  2026-09-16 16:34:05 .......................................................................................... ~ 76s
  2026-09-16 16:36:02 ........................................................................................... ~ 1s
  2026-09-16 16:36:03 ........................................................................................... ~ 1s
  2026-09-16 16:36:04 ........................................................................................... ~ 1s
  2026-09-16 16:36:05 ........................................................................................... ~ 0s
  2026-09-16 16:36:05 ........................................................................................... ~ 1s
  2026-09-16 16:36:05 ........................................................................................... ~ 1s
  2026-09-16 16:36:06 ........................................................................................... ~ 0s
  2026-09-16 16:36:07 ........................................................................................... ~ 0s
  2026-09-16 16:36:07 ........................................................................................... ~ 1s
  2026-09-16 16:36:08 ........................................................................................... ~ 1s
  2026-09-16 16:36:09 ........................................................................................... ~ 0s
  2026-09-16 16:36:10 ........................................................................................... ~ 0s
  2026-09-16 16:36:10 ........................................................................................... ~ 0s
  2026-09-16 16:36:10 ........................................................................................... ~ 1s
  2026-09-16 16:36:10 ........................................................................................... ~ 1s
  2026-09-16 16:36:11 ........................................................................................... ~ 1s
  2026-09-16 16:36:11 ........................................................................................... ~ 2s
  2026-09-16 16:36:12 ........................................................................................... ~ 1s
  2026-09-16 16:36:13 ........................................................................................... ~ 1s
  2026-09-16 16:36:14 .......................................................................................... ~ 47s
  2026-09-16 16:37:01 ........................................................................................... ~ 1s
  2026-09-16 16:37:01 ........................................................................................... ~ 1s
  2026-09-16 16:37:02 ........................................................................................... ~ 1s
  2026-09-16 16:37:02 ........................................................................................... ~ 1s
  2026-09-16 16:37:03 ........................................................................................... ~ 1s
  2026-09-16 16:37:03 ........................................................................................... ~ 1s
  2026-09-16 16:37:04 ........................................................................................... ~ 1s
  2026-09-16 16:37:04 ........................................................................................... ~ 1s
  2026-09-16 16:37:05 ........................................................................................... ~ 1s
  2026-09-16 16:37:05 ........................................................................................... ~ 1s
  2026-09-16 16:37:06 ........................................................................................... ~ 1s
  2026-09-16 16:40:03 ........................................................................................... ~ 1s
  2026-09-16 16:40:04 ........................................................................................... ~ 1s
  2026-09-16 16:40:04 ........................................................................................... ~ 2s
  2026-09-16 16:40:06 ........................................................................................... ~ 0s
  2026-09-16 16:40:10 ........................................................................................... ~ 0s
  2026-09-16 16:40:10 ........................................................................................... ~ 1s
  2026-09-16 16:40:10 ........................................................................................... ~ 1s
  2026-09-16 16:40:10 ........................................................................................... ~ 2s
  2026-09-16 16:40:10 ........................................................................................... ~ 2s
  2026-09-16 16:40:12 ........................................................................................... ~ 1s
  2026-09-16 16:40:12 ........................................................................................... ~ 1s
  2026-09-16 16:40:13 ........................................................................................... ~ 0s
  2026-09-16 16:40:13 ........................................................................................... ~ 1s
  2026-09-16 16:40:13 ........................................................................................... ~ 1s
  2026-09-16 16:40:14 ........................................................................................... ~ 0s
  2026-09-16 16:40:14 ........................................................................................... ~ 1s
  2026-09-16 16:40:14 ........................................................................................... ~ 2s
  2026-09-16 16:40:15 ........................................................................................... ~ 1s
  2026-09-16 16:40:16 ........................................................................................... ~ 0s
  2026-09-16 16:40:16 ........................................................................................... ~ 1s
  2026-09-16 16:40:16 ........................................................................................... ~ 1s
  2026-09-16 16:40:17 ........................................................................................... ~ 1s
  2026-09-16 16:40:17 ........................................................................................... ~ 1s
  2026-09-16 16:40:18 ........................................................................................... ~ 1s
  2026-09-16 16:40:18 ........................................................................................... ~ 2s
  2026-09-16 16:40:19 ........................................................................................... ~ 1s
  2026-09-16 16:40:55 ........................................................................................... ~ 0s
  2026-09-16 16:40:55 ........................................................................................... ~ 1s
  2026-09-16 16:40:55 ........................................................................................... ~ 1s
  2026-09-16 16:40:56 ........................................................................................... ~ 2s
  2026-09-16 16:41:34 ........................................................................................... ~ 1s
  2026-09-16 16:41:34 ........................................................................................... ~ 2s
  2026-09-16 16:41:35 ........................................................................................... ~ 2s
  2026-09-16 16:41:37 ........................................................................................... ~ 0s
  2026-09-16 16:42:40 ........................................................................................... ~ 1s
  2026-09-16 16:42:41 ........................................................................................... ~ 0s
  2026-09-16 16:42:41 ........................................................................................... ~ 1s
  2026-09-16 16:42:42 ........................................................................................... ~ 0s
  2026-09-16 16:44:04 ........................................................................................... ~ 0s
  2026-09-16 16:44:04 ........................................................................................... ~ 1s
  2026-09-16 16:44:04 ........................................................................................... ~ 1s
  2026-09-16 16:44:04 ........................................................................................... ~ 2s
  2026-09-16 16:44:05 ........................................................................................... ~ 1s
  2026-09-16 16:44:06 ........................................................................................... ~ 1s
  2026-09-16 16:44:06 ........................................................................................... ~ 1s
  2026-09-16 16:44:07 ........................................................................................... ~ 1s
  2026-09-16 16:44:07 ........................................................................................... ~ 1s
  2026-09-16 16:44:08 ........................................................................................... ~ 1s
  2026-09-16 16:44:08 ........................................................................................... ~ 1s
  2026-09-16 16:44:09 ........................................................................................... ~ 1s
  2026-09-16 17:08:16 ........................................................................................... ~ 1s
  2026-09-16 17:08:16 ........................................................................................... ~ 1s
  2026-09-16 17:08:17 ........................................................................................... ~ 1s
  2026-09-16 17:08:18 ........................................................................................... ~ 0s
  2026-09-16 17:12:11 ........................................................................................... ~ 1s
  2026-09-16 17:12:11 ........................................................................................... ~ 2s
  2026-09-16 17:12:12 ........................................................................................... ~ 1s
  2026-09-16 17:12:13 ........................................................................................... ~ 1s
  2026-09-16 17:33:32 ........................................................................................... ~ 0s
  2026-09-16 17:33:32 ........................................................................................... ~ 1s
  2026-09-16 18:19:10 ........................................................................................... ~ 1s
  2026-09-16 18:19:11 ........................................................................................... ~ 0s
